kepid,kepoi_name,label,label_id,fits_path,quarters_available,cadences_total,nan_fraction,quality_flags_sum,quality_check,collection_status,timestamp
8692861,K00172.02,HABITABLE,0,data\raw_fits\HABITABLE\8692861\KIC8692861_stitched.fits,17.0,65031.0,0.003659793021789608,27459760.0,PASS,SUCCESS,2026-02-28T11:30:19.742857+00:00
10593626,K00087.01,HABITABLE,0,data\raw_fits\HABITABLE\10593626\KIC10593626_stitched.fits,18.0,65504.0,0.003694430874450415,3388093232.0,PASS,SUCCESS,2026-02-28T11:31:00.338866+00:00
10055126,K01608.03,HABITABLE,0,data\raw_fits\HABITABLE\10055126\KIC10055126_stitched.fits,17.0,65031.0,0.00364441574018545,1598517936.0,PASS,SUCCESS,2026-02-28T11:31:48.354012+00:00
8017703,K00518.03,HABITABLE,0,data\raw_fits\HABITABLE\8017703\KIC8017703_stitched.fits,17.0,65031.0,0.003675170303393766,27526832.0,PASS,SUCCESS,2026-02-28T11:31:51.601572+00:00
9002278,K00701.04,HABITABLE,0,data\raw_fits\HABITABLE\9002278\KIC9002278_stitched.fits,17.0,65031.0,0.003675170303393766,41600432.0,PASS,SUCCESS,2026-02-28T11:32:33.430553+00:00
11284772,K04622.01,HABITABLE,0,data\raw_fits\HABITABLE\11284772\KIC11284772_stitched.fits,14.0,51722.0,0.004234175012567186,2419394400.0,PASS,SUCCESS,2026-02-28T11:32:36.208643+00:00
8311864,K07016.01,HABITABLE,0,data\raw_fits\HABITABLE\8311864\KIC8311864_stitched.fits,18.0,65504.0,0.003694430874450415,47900592.0,PASS,SUCCESS,2026-02-28T11:32:38.531320+00:00
6522242,K00855.01,NON_HABITABLE,1,data\raw_fits\NON_HABITABLE\6522242\KIC6522242_stitched.fits,17.0,65031.0,0.00364441574018545,25225008.0,PASS,SUCCESS,2026-02-28T11:32:41.155478+00:00
6962977,K01364.03,NON_HABITABLE,1,data\raw_fits\NON_HABITABLE\6962977\KIC6962977_stitched.fits,15.0,59289.0,0.0038287034694462715,27471232.0,PASS,SUCCESS,2026-02-28T11:32:43.750651+00:00
4636578,K02025.01,NON_HABITABLE,1,data\raw_fits\NON_HABITABLE\4636578\KIC4636578_stitched.fits,17.0,65031.0,0.003659793021789608,29137712.0,PASS,SUCCESS,2026-02-28T11:32:46.605596+00:00
8742590,K01281.01,NON_HABITABLE,1,data\raw_fits\NON_HABITABLE\8742590\KIC8742590_stitched.fits,17.0,65031.0,0.003675170303393766,5323222960.0,PASS,SUCCESS,2026-02-28T11:32:49.377075+00:00
8004903,K02594.01,NON_HABITABLE,1,data\raw_fits\NON_HABITABLE\8004903\KIC8004903_stitched.fits,9.0,31260.0,0.005950095969289827,33481856.0,PASS,SUCCESS,2026-02-28T11:33:27.832237+00:00
9636135,K01498.02,NON_HABITABLE,1,data\raw_fits\NON_HABITABLE\9636135\KIC9636135_stitched.fits,17.0,65031.0,0.003675170303393766,21355440.0,PASS,SUCCESS,2026-02-28T11:33:48.245406+00:00
3447722,K01198.01,NON_HABITABLE,1,data\raw_fits\NON_HABITABLE\3447722\KIC3447722_stitched.fits,17.0,65031.0,0.003629038458581292,849115568.0,PASS,SUCCESS,2026-02-28T11:34:28.914749+00:00
4138008,K04742.01,NON_HABITABLE,1,data\raw_fits\NON_HABITABLE\4138008\KIC4138008_stitched.fits,17.0,65031.0,0.003659793021789608,30794544.0,PASS,SUCCESS,2026-02-28T11:34:31.446774+00:00
8395660,K00116.03,NON_HABITABLE,1,data\raw_fits\NON_HABITABLE\8395660\KIC8395660_stitched.fits,18.0,65504.0,0.0036028334147532974,124604464.0,PASS,SUCCESS,2026-02-28T11:35:10.278011+00:00
12070811,K00785.01,NON_HABITABLE,1,data\raw_fits\NON_HABITABLE\12070811\KIC12070811_stitched.fits,17.0,65031.0,0.003598283895372976,32661040.0,PASS,SUCCESS,2026-02-28T11:35:13.406228+00:00
6587280,K00857.01,NON_HABITABLE,1,data\raw_fits\NON_HABITABLE\6587280\KIC6587280_stitched.fits,13.0,50383.0,0.0041680725641585455,17876192.0,PASS,SUCCESS,2026-02-28T11:35:15.985774+00:00
5358241,K00829.02,NON_HABITABLE,1,data\raw_fits\NON_HABITABLE\5358241\KIC5358241_stitched.fits,17.0,65031.0,0.00364441574018545,20277808.0,PASS,SUCCESS,2026-02-28T11:35:45.975501+00:00
9834040,K01998.01,NON_HABITABLE,1,data\raw_fits\NON_HABITABLE\9834040\KIC9834040_stitched.fits,17.0,65031.0,0.003598283895372976,185829040.0,PASS,SUCCESS,2026-02-28T11:35:48.261928+00:00
9818381,K00135.01,NON_HABITABLE,1,data\raw_fits\NON_HABITABLE\9818381\KIC9818381_stitched.fits,17.0,65031.0,0.003675170303393766,24197680.0,PASS,SUCCESS,2026-02-28T11:35:50.750944+00:00
6693640,K01245.01,NON_HABITABLE,1,data\raw_fits\NON_HABITABLE\6693640\KIC6693640_stitched.fits,17.0,65031.0,0.00364441574018545,29265840.0,PASS,SUCCESS,2026-02-28T11:35:53.416247+00:00
10730034,K01305.01,NON_HABITABLE,1,data\raw_fits\NON_HABITABLE\10730034\KIC10730034_stitched.fits,17.0,65031.0,0.0033368701081022897,5895265712.0,PASS,SUCCESS,2026-02-28T11:36:31.824015+00:00
12252424,K00153.02,NON_HABITABLE,1,data\raw_fits\NON_HABITABLE\12252424\KIC12252424_stitched.fits,18.0,65504.0,0.0036333659013190033,1306646960.0,PASS,SUCCESS,2026-02-28T11:36:34.180486+00:00
10028140,K01591.01,NON_HABITABLE,1,data\raw_fits\NON_HABITABLE\10028140\KIC10028140_stitched.fits,14.0,51876.0,0.002775850104094379,18497568.0,PASS,SUCCESS,2026-02-28T11:37:14.246925+00:00
1725016,K01007.01,NON_HABITABLE,1,data\raw_fits\NON_HABITABLE\1725016\KIC1725016_stitched.fits,14.0,55190.0,0.004040587062873709,128906960.0,PASS,SUCCESS,2026-02-28T11:37:46.219265+00:00
9662811,K01854.01,NON_HABITABLE,1,data\raw_fits\NON_HABITABLE\9662811\KIC9662811_stitched.fits,15.0,52349.0,0.002827179124720625,121606816.0,PASS,SUCCESS,2026-02-28T11:37:48.365743+00:00
2854914,K01113.02,NON_HABITABLE,1,data\raw_fits\NON_HABITABLE\2854914\KIC2854914_stitched.fits,17.0,65031.0,0.003629038458581292,8179631536.0,PASS,SUCCESS,2026-02-28T11:38:22.276783+00:00
11701407,K02376.01,NON_HABITABLE,1,data\raw_fits\NON_HABITABLE\11701407\KIC11701407_stitched.fits,11.0,41881.0,0.004918698216374967,1140118144.0,PASS,SUCCESS,2026-02-28T11:38:24.718020+00:00
5942949,K02525.01,NON_HABITABLE,1,data\raw_fits\NON_HABITABLE\5942949\KIC5942949_stitched.fits,13.0,50383.0,0.0041680725641585455,573984992.0,PASS,SUCCESS,2026-02-28T11:38:50.510222+00:00
11027624,K01439.01,NON_HABITABLE,1,data\raw_fits\NON_HABITABLE\11027624\KIC11027624_stitched.fits,18.0,65504.0,0.003709697117733268,37141936.0,PASS,SUCCESS,2026-02-28T11:39:20.078433+00:00
9225395,K02107.01,NON_HABITABLE,1,data\raw_fits\NON_HABITABLE\9225395\KIC9225395_stitched.fits,17.0,65031.0,0.003659793021789608,89786288.0,PASS,SUCCESS,2026-02-28T11:39:22.619810+00:00
7802719,K02247.01,NON_HABITABLE,1,data\raw_fits\NON_HABITABLE\7802719\KIC7802719_stitched.fits,17.0,65031.0,0.003675170303393766,208043824.0,PASS,SUCCESS,2026-02-28T11:40:01.624504+00:00
9726659,K01491.01,NON_HABITABLE,1,data\raw_fits\NON_HABITABLE\9726659\KIC9726659_stitched.fits,11.0,42035.0,0.0031164505769002023,15801024.0,PASS,SUCCESS,2026-02-28T11:40:03.925977+00:00
10024701,K02002.01,NON_HABITABLE,1,data\raw_fits\NON_HABITABLE\10024701\KIC10024701_stitched.fits,15.0,52349.0,0.002827179124720625,32110496.0,PASS,SUCCESS,2026-02-28T11:40:29.166357+00:00
5880320,K01060.02,NON_HABITABLE,1,data\raw_fits\NON_HABITABLE\5880320\KIC5880320_stitched.fits,17.0,65031.0,0.0035829066137688177,209615152.0,PASS,SUCCESS,2026-02-28T11:41:02.965870+00:00
7045496,K01939.01,NON_HABITABLE,1,data\raw_fits\NON_HABITABLE\7045496\KIC7045496_stitched.fits,17.0,65031.0,0.00364441574018545,27153072.0,PASS,SUCCESS,2026-02-28T11:41:05.776289+00:00
10810838,K00174.01,NON_HABITABLE,1,data\raw_fits\NON_HABITABLE\10810838\KIC10810838_stitched.fits,14.0,51876.0,0.0027951268409283675,47694112.0,PASS,SUCCESS,2026-02-28T11:41:48.625452+00:00
8490993,K00911.02,NON_HABITABLE,1,data\raw_fits\NON_HABITABLE\8490993\KIC8490993_stitched.fits,17.0,65031.0,0.003659793021789608,1512760240.0,PASS,SUCCESS,2026-02-28T11:41:54.274819+00:00
10068659,K02602.01,NON_HABITABLE,1,data\raw_fits\NON_HABITABLE\10068659\KIC10068659_stitched.fits,17.0,65031.0,0.003690547584997924,24513328.0,PASS,SUCCESS,2026-02-28T11:42:02.809607+00:00
9006449,K01413.03,NON_HABITABLE,1,data\raw_fits\NON_HABITABLE\9006449\KIC9006449_stitched.fits,17.0,65031.0,0.003675170303393766,269073968.0,PASS,SUCCESS,2026-02-28T11:42:10.462102+00:00
9305831,K00204.01,NON_HABITABLE,1,data\raw_fits\NON_HABITABLE\9305831\KIC9305831_stitched.fits,17.0,65031.0,0.003598283895372976,351812016.0,PASS,SUCCESS,2026-02-28T11:42:19.290987+00:00
11179076,K02497.01,NON_HABITABLE,1,data\raw_fits\NON_HABITABLE\11179076\KIC11179076_stitched.fits,14.0,51722.0,0.004253509145044662,20996832.0,PASS,SUCCESS,2026-02-28T11:43:04.444368+00:00
7870390,K00898.01,NON_HABITABLE,1,data\raw_fits\NON_HABITABLE\7870390\KIC7870390_stitched.fits,17.0,65031.0,0.003675170303393766,32338864.0,PASS,SUCCESS,2026-02-28T11:43:41.351294+00:00
8230616,K01713.01,NON_HABITABLE,1,data\raw_fits\NON_HABITABLE\8230616\KIC8230616_stitched.fits,17.0,65031.0,0.00364441574018545,2644403120.0,PASS,SUCCESS,2026-02-28T11:43:47.768245+00:00
8222813,K01069.02,NON_HABITABLE,1,data\raw_fits\NON_HABITABLE\8222813\KIC8222813_stitched.fits,14.0,55190.0,0.0040949447363652835,26600400.0,PASS,SUCCESS,2026-02-28T11:44:31.596723+00:00
6191521,K00847.01,NON_HABITABLE,1,data\raw_fits\NON_HABITABLE\6191521\KIC6191521_stitched.fits,17.0,65031.0,0.003675170303393766,20630960.0,PASS,SUCCESS,2026-02-28T11:45:07.767927+00:00
6021193,K02148.03,NON_HABITABLE,1,data\raw_fits\NON_HABITABLE\6021193\KIC6021193_stitched.fits,14.0,50856.0,0.004207959729432122,699959008.0,PASS,SUCCESS,2026-02-28T11:45:15.702575+00:00
11923284,K02026.01,NON_HABITABLE,1,data\raw_fits\NON_HABITABLE\11923284\KIC11923284_stitched.fits,18.0,65504.0,0.0036333659013190033,3139380016.0,PASS,SUCCESS,2026-02-28T11:45:55.246435+00:00
9405595,K02125.01,NON_HABITABLE,1,data\raw_fits\NON_HABITABLE\9405595\KIC9405595_stitched.fits,17.0,65031.0,0.003598283895372976,3209768240.0,PASS,SUCCESS,2026-02-28T11:46:01.897092+00:00
8277797,K01820.02,NON_HABITABLE,1,data\raw_fits\NON_HABITABLE\8277797\KIC8277797_stitched.fits,18.0,65504.0,0.003709697117733268,30016560.0,PASS,SUCCESS,2026-02-28T11:46:45.187613+00:00
5438757,K01601.01,NON_HABITABLE,1,data\raw_fits\NON_HABITABLE\5438757\KIC5438757_stitched.fits,17.0,65031.0,0.00364441574018545,19574064.0,PASS,SUCCESS,2026-02-28T11:47:29.952069+00:00
5084942,K00161.01,NON_HABITABLE,1,data\raw_fits\NON_HABITABLE\5084942\KIC5084942_stitched.fits,17.0,65031.0,0.003675170303393766,797682992.0,PASS,SUCCESS,2026-02-28T11:47:39.828032+00:00
3342970,K00800.01,NON_HABITABLE,1,data\raw_fits\NON_HABITABLE\3342970\KIC3342970_stitched.fits,17.0,65031.0,0.003613661176977134,1051316528.0,PASS,SUCCESS,2026-02-28T11:47:46.613001+00:00
3869014,K01205.01,NON_HABITABLE,1,data\raw_fits\NON_HABITABLE\3869014\KIC3869014_stitched.fits,14.0,51964.0,0.0028288815333692555,1380324256.0,PASS,SUCCESS,2026-02-28T11:47:53.384176+00:00
7265298,K02051.02,NON_HABITABLE,1,data\raw_fits\NON_HABITABLE\7265298\KIC7265298_stitched.fits,14.0,55190.0,0.0040949447363652835,112744784.0,PASS,SUCCESS,2026-02-28T11:48:00.262260+00:00
11560897,K02365.02,NON_HABITABLE,1,data\raw_fits\NON_HABITABLE\11560897\KIC11560897_stitched.fits,17.0,65031.0,0.003675170303393766,29255600.0,PASS,SUCCESS,2026-02-28T11:48:06.461538+00:00
10157458,K01083.01,NON_HABITABLE,1,data\raw_fits\NON_HABITABLE\10157458\KIC10157458_stitched.fits,14.0,51876.0,0.002775850104094379,24754976.0,PASS,SUCCESS,2026-02-28T11:48:50.310585+00:00
9412760,K01977.01,NON_HABITABLE,1,data\raw_fits\NON_HABITABLE\9412760\KIC9412760_stitched.fits,17.0,65031.0,0.003659793021789608,100323632.0,PASS,SUCCESS,2026-02-28T11:48:56.572740+00:00
11962284,K02647.01,NON_HABITABLE,1,data\raw_fits\NON_HABITABLE\11962284\KIC11962284_stitched.fits,17.0,65031.0,0.003613661176977134,24070064.0,PASS,SUCCESS,2026-02-28T11:49:03.598690+00:00
5631630,K02010.01,NON_HABITABLE,1,data\raw_fits\NON_HABITABLE\5631630\KIC5631630_stitched.fits,14.0,51964.0,0.002886613809560465,78981408.0,PASS,SUCCESS,2026-02-28T11:49:47.032354+00:00
6185331,K01727.01,NON_HABITABLE,1,data\raw_fits\NON_HABITABLE\6185331\KIC6185331_stitched.fits,13.0,50383.0,0.0041680725641585455,105333216.0,PASS,SUCCESS,2026-02-28T11:49:52.732572+00:00
6131236,K01051.01,NON_HABITABLE,1,data\raw_fits\NON_HABITABLE\6131236\KIC6131236_stitched.fits,17.0,65031.0,0.003659793021789608,22473264.0,PASS,SUCCESS,2026-02-28T11:50:26.492628+00:00
10600955,K02227.01,NON_HABITABLE,1,data\raw_fits\NON_HABITABLE\10600955\KIC10600955_stitched.fits,17.0,65031.0,0.0033368701081022897,2081998640.0,PASS,SUCCESS,2026-02-28T11:50:33.055051+00:00
3326377,K01830.01,NON_HABITABLE,1,data\raw_fits\NON_HABITABLE\3326377\KIC3326377_stitched.fits,17.0,65031.0,0.00364441574018545,504287920.0,PASS,SUCCESS,2026-02-28T11:51:16.359378+00:00
4275721,K01342.02,NON_HABITABLE,1,data\raw_fits\NON_HABITABLE\4275721\KIC4275721_stitched.fits,14.0,51964.0,0.0028288815333692555,475333152.0,PASS,SUCCESS,2026-02-28T11:52:00.545357+00:00
10670119,K02179.02,NON_HABITABLE,1,data\raw_fits\NON_HABITABLE\10670119\KIC10670119_stitched.fits,14.0,55190.0,0.004076825511868092,19336912.0,PASS,SUCCESS,2026-02-28T11:52:06.340132+00:00
10670119,K02179.01,NON_HABITABLE,1,data\raw_fits\NON_HABITABLE\10670119\KIC10670119_stitched.fits,,,,,PENDING,SKIPPED_EXISTS,2026-02-28T11:52:12.705787+00:00
9271752,K01406.01,NON_HABITABLE,1,data\raw_fits\NON_HABITABLE\9271752\KIC9271752_stitched.fits,17.0,65031.0,0.003675170303393766,79001264.0,PASS,SUCCESS,2026-02-28T11:52:13.208988+00:00
8367644,K01879.01,NON_HABITABLE,1,data\raw_fits\NON_HABITABLE\8367644\KIC8367644_stitched.fits,14.0,55190.0,0.0040587062873709,68657488.0,PASS,SUCCESS,2026-02-28T11:52:19.641096+00:00
7871954,K01515.01,NON_HABITABLE,1,data\raw_fits\NON_HABITABLE\7871954\KIC7871954_stitched.fits,17.0,65031.0,0.003675170303393766,1222218416.0,PASS,SUCCESS,2026-02-28T11:52:56.017363+00:00
11824786,K02371.01,NON_HABITABLE,1,data\raw_fits\NON_HABITABLE\11824786\KIC11824786_stitched.fits,17.0,65031.0,0.003629038458581292,254949680.0,PASS,SUCCESS,2026-02-28T11:53:39.952328+00:00
6541920,K00157.05,NON_HABITABLE,1,data\raw_fits\NON_HABITABLE\6541920\KIC6541920_stitched.fits,17.0,65031.0,0.003598283895372976,403959088.0,PASS,SUCCESS,2026-02-28T11:54:22.962666+00:00
6541920,K00157.01,NON_HABITABLE,1,data\raw_fits\NON_HABITABLE\6541920\KIC6541920_stitched.fits,,,,,PENDING,SKIPPED_EXISTS,2026-02-28T11:54:29.643918+00:00
4454934,K02245.01,NON_HABITABLE,1,data\raw_fits\NON_HABITABLE\4454934\KIC4454934_stitched.fits,17.0,65031.0,0.00364441574018545,32508336.0,PASS,SUCCESS,2026-02-28T11:54:30.147158+00:00
4932442,K01665.01,NON_HABITABLE,1,data\raw_fits\NON_HABITABLE\4932442\KIC4932442_stitched.fits,14.0,51964.0,0.0029058579016242015,38325280.0,PASS,SUCCESS,2026-02-28T11:55:12.567607+00:00
12403119,K01478.01,NON_HABITABLE,1,data\raw_fits\NON_HABITABLE\12403119\KIC12403119_stitched.fits,17.0,65031.0,0.003598283895372976,2365737520.0,PASS,SUCCESS,2026-02-28T11:55:18.125441+00:00
3229150,K02150.01,NON_HABITABLE,1,data\raw_fits\NON_HABITABLE\3229150\KIC3229150_stitched.fits,17.0,65031.0,0.00364441574018545,687189168.0,PASS,SUCCESS,2026-02-28T11:56:00.721612+00:00
9304101,K02067.01,NON_HABITABLE,1,data\raw_fits\NON_HABITABLE\9304101\KIC9304101_stitched.fits,18.0,65504.0,0.0036333659013190033,701142192.0,PASS,SUCCESS,2026-02-28T11:56:43.154300+00:00
9391506,K01410.01,NON_HABITABLE,1,data\raw_fits\NON_HABITABLE\9391506\KIC9391506_stitched.fits,17.0,65031.0,0.003675170303393766,23113392.0,PASS,SUCCESS,2026-02-28T11:57:29.429821+00:00
8950568,K02038.04,NON_HABITABLE,1,data\raw_fits\NON_HABITABLE\8950568\KIC8950568_stitched.fits,17.0,65031.0,0.0035829066137688177,950479280.0,PASS,SUCCESS,2026-02-28T11:58:13.638503+00:00
11391957,K00765.01,NON_HABITABLE,1,data\raw_fits\NON_HABITABLE\11391957\KIC11391957_stitched.fits,14.0,51722.0,0.004234175012567186,1090164064.0,PASS,SUCCESS,2026-02-28T11:58:20.062441+00:00
10978763,K01931.01,NON_HABITABLE,1,data\raw_fits\NON_HABITABLE\10978763\KIC10978763_stitched.fits,17.0,65031.0,0.003659793021789608,715033648.0,PASS,SUCCESS,2026-02-28T11:58:25.790742+00:00
7109675,K00872.01,NON_HABITABLE,1,data\raw_fits\NON_HABITABLE\7109675\KIC7109675_stitched.fits,17.0,65031.0,0.003659793021789608,3127394992.0,PASS,SUCCESS,2026-02-28T11:59:09.086885+00:00
6776401,K01847.01,NON_HABITABLE,1,data\raw_fits\NON_HABITABLE\6776401\KIC6776401_stitched.fits,17.0,65031.0,0.00364441574018545,23778224.0,PASS,SUCCESS,2026-02-28T11:59:15.863986+00:00
3641726,K00804.01,NON_HABITABLE,1,data\raw_fits\NON_HABITABLE\3641726\KIC3641726_stitched.fits,17.0,65031.0,0.00364441574018545,114623408.0,PASS,SUCCESS,2026-02-28T11:59:22.866944+00:00
9895006,K01717.01,NON_HABITABLE,1,data\raw_fits\NON_HABITABLE\9895006\KIC9895006_stitched.fits,17.0,65031.0,0.003659793021789608,200805552.0,PASS,SUCCESS,2026-02-28T11:59:29.498935+00:00
7950644,K00192.01,NON_HABITABLE,1,data\raw_fits\NON_HABITABLE\7950644\KIC7950644_stitched.fits,17.0,65031.0,0.003675170303393766,25370800.0,PASS,SUCCESS,2026-02-28T11:59:36.578654+00:00
9006186,K02169.01,NON_HABITABLE,1,data\raw_fits\NON_HABITABLE\9006186\KIC9006186_stitched.fits,18.0,65504.0,0.003709697117733268,26973104.0,PASS,SUCCESS,2026-02-28T11:59:43.623850+00:00
10858691,K01306.03,NON_HABITABLE,1,data\raw_fits\NON_HABITABLE\10858691\KIC10858691_stitched.fits,17.0,65031.0,0.003675170303393766,31903792.0,PASS,SUCCESS,2026-02-28T11:59:50.360899+00:00
8631504,K02503.01,NON_HABITABLE,1,data\raw_fits\NON_HABITABLE\8631504\KIC8631504_stitched.fits,17.0,65031.0,0.003659793021789608,306906544.0,PASS,SUCCESS,2026-02-28T11:59:56.781137+00:00
9209624,K02443.01,NON_HABITABLE,1,data\raw_fits\NON_HABITABLE\9209624\KIC9209624_stitched.fits,17.0,65031.0,0.003675170303393766,1368836784.0,PASS,SUCCESS,2026-02-28T12:00:39.771309+00:00
10538176,K01301.02,NON_HABITABLE,1,data\raw_fits\NON_HABITABLE\10538176\KIC10538176_stitched.fits,15.0,59265.0,0.0038808740403273433,20708848.0,PASS,SUCCESS,2026-02-28T12:01:22.289420+00:00
7102316,K02028.02,NON_HABITABLE,1,data\raw_fits\NON_HABITABLE\7102316\KIC7102316_stitched.fits,16.0,63405.0,0.003737875561864206,81236304.0,PASS,SUCCESS,2026-02-28T12:01:28.043519+00:00
5357545,K02219.01,NON_HABITABLE,1,data\raw_fits\NON_HABITABLE\5357545\KIC5357545_stitched.fits,17.0,65031.0,0.00364441574018545,60503600.0,PASS,SUCCESS,2026-02-28T12:01:35.110488+00:00
8359498,K00127.01,NON_HABITABLE,1,data\raw_fits\NON_HABITABLE\8359498\KIC8359498_stitched.fits,17.0,65031.0,0.003659793021789608,3505113520.0,PASS,SUCCESS,2026-02-28T12:02:18.083832+00:00
9573539,K00180.01,NON_HABITABLE,1,data\raw_fits\NON_HABITABLE\9573539\KIC9573539_stitched.fits,18.0,65504.0,0.003709697117733268,30346800.0,PASS,SUCCESS,2026-02-28T12:02:24.883188+00:00
6060203,K01059.01,NON_HABITABLE,1,data\raw_fits\NON_HABITABLE\6060203\KIC6060203_stitched.fits,17.0,65031.0,0.003598283895372976,57529392.0,PASS,SUCCESS,2026-02-28T12:03:09.708814+00:00
10328393,K01905.01,NON_HABITABLE,1,data\raw_fits\NON_HABITABLE\10328393\KIC10328393_stitched.fits,17.0,65031.0,0.003690547584997924,30798384.0,PASS,SUCCESS,2026-02-28T12:03:16.115242+00:00
4173026,K02172.01,NON_HABITABLE,1,data\raw_fits\NON_HABITABLE\4173026\KIC4173026_stitched.fits,14.0,51964.0,0.0028288815333692555,823310368.0,PASS,SUCCESS,2026-02-28T12:04:01.045439+00:00
5384079,K02011.01,NON_HABITABLE,1,data\raw_fits\NON_HABITABLE\5384079\KIC5384079_stitched.fits,18.0,65504.0,0.0036333659013190033,1132773680.0,PASS,SUCCESS,2026-02-28T12:04:39.076339+00:00
8142942,K01985.01,NON_HABITABLE,1,data\raw_fits\NON_HABITABLE\8142942\KIC8142942_stitched.fits,17.0,65031.0,0.003659793021789608,1158242480.0,PASS,SUCCESS,2026-02-28T12:05:28.507250+00:00
10024051,K02409.01,NON_HABITABLE,1,data\raw_fits\NON_HABITABLE\10024051\KIC10024051_stitched.fits,14.0,51876.0,0.0027951268409283675,115555104.0,PASS,SUCCESS,2026-02-28T12:06:11.540599+00:00
11923270,K00781.01,NON_HABITABLE,1,data\raw_fits\NON_HABITABLE\11923270\KIC11923270_stitched.fits,17.0,65031.0,0.003598283895372976,761823664.0,PASS,SUCCESS,2026-02-28T12:06:46.528143+00:00
4139816,K00812.03,NON_HABITABLE,1,data\raw_fits\NON_HABITABLE\4139816\KIC4139816_stitched.fits,17.0,65031.0,0.003659793021789608,25211312.0,PASS,SUCCESS,2026-02-28T12:06:53.127327+00:00
11018648,K00759.01,NON_HABITABLE,1,data\raw_fits\NON_HABITABLE\11018648\KIC11018648_stitched.fits,14.0,51722.0,0.004253509145044662,32239584.0,PASS,SUCCESS,2026-02-28T12:06:59.999922+00:00
6696580,K02092.02,NON_HABITABLE,1,data\raw_fits\NON_HABITABLE\6696580\KIC6696580_stitched.fits,14.0,55190.0,0.004076825511868092,16476624.0,PASS,SUCCESS,2026-02-28T12:07:35.961084+00:00
9896558,K01718.01,NON_HABITABLE,1,data\raw_fits\NON_HABITABLE\9896558\KIC9896558_stitched.fits,12.0,44679.0,0.004633049083462029,16370336.0,PASS,SUCCESS,2026-02-28T12:08:13.354220+00:00
7215603,K01618.01,NON_HABITABLE,1,data\raw_fits\NON_HABITABLE\7215603\KIC7215603_stitched.fits,18.0,65504.0,0.003679164631167562,34612784.0,PASS,SUCCESS,2026-02-28T12:08:18.609815+00:00
12121570,K02290.01,NON_HABITABLE,1,data\raw_fits\NON_HABITABLE\12121570\KIC12121570_stitched.fits,17.0,65031.0,0.003598283895372976,553079344.0,PASS,SUCCESS,2026-02-28T12:09:03.367886+00:00
10026502,K04706.01,NON_HABITABLE,1,data\raw_fits\NON_HABITABLE\10026502\KIC10026502_stitched.fits,14.0,51876.0,0.002775850104094379,19444512.0,PASS,SUCCESS,2026-02-28T12:09:47.128589+00:00
9663113,K00179.02,NON_HABITABLE,1,data\raw_fits\NON_HABITABLE\9663113\KIC9663113_stitched.fits,14.0,51876.0,0.002775850104094379,25372320.0,PASS,SUCCESS,2026-02-28T12:10:23.465578+00:00
5940165,K02031.01,NON_HABITABLE,1,data\raw_fits\NON_HABITABLE\5940165\KIC5940165_stitched.fits,13.0,50383.0,0.0041680725641585455,891344736.0,PASS,SUCCESS,2026-02-28T12:11:04.659242+00:00
11774991,K02173.02,NON_HABITABLE,1,data\raw_fits\NON_HABITABLE\11774991\KIC11774991_stitched.fits,18.0,65504.0,0.0036638983878847092,64081328.0,PASS,SUCCESS,2026-02-28T12:11:09.953582+00:00
6862721,K01982.01,NON_HABITABLE,1,data\raw_fits\NON_HABITABLE\6862721\KIC6862721_stitched.fits,17.0,65031.0,0.00364441574018545,21701552.0,PASS,SUCCESS,2026-02-28T12:11:57.923766+00:00
3867615,K02289.01,NON_HABITABLE,1,data\raw_fits\NON_HABITABLE\3867615\KIC3867615_stitched.fits,15.0,52437.0,0.002879646051452219,2537687200.0,PASS,SUCCESS,2026-02-28T12:12:41.021931+00:00
8463346,K02529.01,NON_HABITABLE,1,data\raw_fits\NON_HABITABLE\8463346\KIC8463346_stitched.fits,17.0,65031.0,0.0035675293321646598,259260592.0,PASS,SUCCESS,2026-02-28T12:13:18.147118+00:00
9334289,K00934.02,NON_HABITABLE,1,data\raw_fits\NON_HABITABLE\9334289\KIC9334289_stitched.fits,17.0,65031.0,0.003675170303393766,637907760.0,PASS,SUCCESS,2026-02-28T12:14:01.482670+00:00
5972334,K00191.04,NON_HABITABLE,1,data\raw_fits\NON_HABITABLE\5972334\KIC5972334_stitched.fits,14.0,51964.0,0.002886613809560465,17432480.0,PASS,SUCCESS,2026-02-28T12:14:07.879329+00:00
8120608,K00571.05,NON_HABITABLE,1,data\raw_fits\NON_HABITABLE\8120608\KIC8120608_stitched.fits,17.0,65031.0,0.003598283895372976,38206384.0,PASS,SUCCESS,2026-02-28T12:14:13.711140+00:00
7132798,K00220.01,NON_HABITABLE,1,data\raw_fits\NON_HABITABLE\7132798\KIC7132798_stitched.fits,17.0,65031.0,0.00364441574018545,865531696.0,PASS,SUCCESS,2026-02-28T12:14:56.525072+00:00
7841925,K01499.03,NON_HABITABLE,1,data\raw_fits\NON_HABITABLE\7841925\KIC7841925_stitched.fits,17.0,65031.0,0.003613661176977134,41604528.0,PASS,SUCCESS,2026-02-28T12:15:39.533770+00:00
12156347,K02588.01,NON_HABITABLE,1,data\raw_fits\NON_HABITABLE\12156347\KIC12156347_stitched.fits,17.0,65031.0,0.003613661176977134,248654640.0,PASS,SUCCESS,2026-02-28T12:16:22.553347+00:00
9401997,K01633.01,NON_HABITABLE,1,data\raw_fits\NON_HABITABLE\9401997\KIC9401997_stitched.fits,17.0,65031.0,0.0035829066137688177,123351216.0,PASS,SUCCESS,2026-02-28T12:16:30.796566+00:00
5511081,K01930.01,NON_HABITABLE,1,data\raw_fits\NON_HABITABLE\5511081\KIC5511081_stitched.fits,14.0,50856.0,0.004207959729432122,1306662112.0,PASS,SUCCESS,2026-02-28T12:17:13.575965+00:00
5358624,K00830.01,NON_HABITABLE,1,data\raw_fits\NON_HABITABLE\5358624\KIC5358624_stitched.fits,17.0,65031.0,0.00364441574018545,21426608.0,PASS,SUCCESS,2026-02-28T12:18:18.051061+00:00
8394721,K00152.02,NON_HABITABLE,1,data\raw_fits\NON_HABITABLE\8394721\KIC8394721_stitched.fits,17.0,65031.0,0.0035675293321646598,178626736.0,PASS,SUCCESS,2026-02-28T12:18:24.579482+00:00
11356260,K01441.01,NON_HABITABLE,1,data\raw_fits\NON_HABITABLE\11356260\KIC11356260_stitched.fits,17.0,65031.0,0.003629038458581292,26535216.0,PASS,SUCCESS,2026-02-28T12:18:31.432311+00:00
8030148,K00155.01,NON_HABITABLE,1,data\raw_fits\NON_HABITABLE\8030148\KIC8030148_stitched.fits,18.0,65504.0,0.003679164631167562,140668080.0,PASS,SUCCESS,2026-02-28T12:19:14.179008+00:00
9415172,K00938.03,NON_HABITABLE,1,data\raw_fits\NON_HABITABLE\9415172\KIC9415172_stitched.fits,17.0,65031.0,0.003659793021789608,270087216.0,PASS,SUCCESS,2026-02-28T12:19:20.972558+00:00
10004519,K01572.01,NON_HABITABLE,1,data\raw_fits\NON_HABITABLE\10004519\KIC10004519_stitched.fits,14.0,55190.0,0.004113063960862475,18302928.0,PASS,SUCCESS,2026-02-28T12:19:27.786905+00:00
6383785,K00239.02,NON_HABITABLE,1,data\raw_fits\NON_HABITABLE\6383785\KIC6383785_stitched.fits,17.0,65031.0,0.003598283895372976,160798000.0,PASS,SUCCESS,2026-02-28T12:20:03.408553+00:00
9765975,K01520.01,NON_HABITABLE,1,data\raw_fits\NON_HABITABLE\9765975\KIC9765975_stitched.fits,17.0,65031.0,0.003690547584997924,28287280.0,PASS,SUCCESS,2026-02-28T12:20:46.552416+00:00
3935914,K00809.01,NON_HABITABLE,1,data\raw_fits\NON_HABITABLE\3935914\KIC3935914_stitched.fits,15.0,59289.0,0.0038455700045539644,168468352.0,PASS,SUCCESS,2026-02-28T12:20:53.050447+00:00
10601284,K00749.03,NON_HABITABLE,1,data\raw_fits\NON_HABITABLE\10601284\KIC10601284_stitched.fits,17.0,65031.0,0.0033368701081022897,3028511792.0,PASS,SUCCESS,2026-02-28T12:20:59.312776+00:00
9011825,K02530.01,NON_HABITABLE,1,data\raw_fits\NON_HABITABLE\9011825\KIC9011825_stitched.fits,15.0,57802.0,0.0038752984325801875,5603650832.0,PASS,SUCCESS,2026-02-28T12:21:07.481278+00:00
6021193,K02148.01,NON_HABITABLE,1,data\raw_fits\NON_HABITABLE\6021193\KIC6021193_stitched.fits,,,,,PENDING,SKIPPED_EXISTS,2026-02-28T12:21:14.980810+00:00
11337833,K01651.01,NON_HABITABLE,1,data\raw_fits\NON_HABITABLE\11337833\KIC11337833_stitched.fits,14.0,51722.0,0.004234175012567186,2364961376.0,PASS,SUCCESS,2026-02-28T12:21:15.483824+00:00
2854181,K02232.01,NON_HABITABLE,1,data\raw_fits\NON_HABITABLE\2854181\KIC2854181_stitched.fits,17.0,65031.0,0.003629038458581292,759249712.0,PASS,SUCCESS,2026-02-28T12:21:22.122950+00:00
10134152,K02056.01,NON_HABITABLE,1,data\raw_fits\NON_HABITABLE\10134152\KIC10134152_stitched.fits,17.0,65031.0,0.003690547584997924,159877040.0,PASS,SUCCESS,2026-02-28T12:22:06.206442+00:00
12120307,K02597.03,NON_HABITABLE,1,data\raw_fits\NON_HABITABLE\12120307\KIC12120307_stitched.fits,17.0,65031.0,0.003598283895372976,2396880176.0,PASS,SUCCESS,2026-02-28T12:22:12.873426+00:00
9605514,K00945.01,NON_HABITABLE,1,data\raw_fits\NON_HABITABLE\9605514\KIC9605514_stitched.fits,14.0,51876.0,0.002775850104094379,17943456.0,PASS,SUCCESS,2026-02-28T12:22:56.037818+00:00
9757613,K00250.04,NON_HABITABLE,1,data\raw_fits\NON_HABITABLE\9757613\KIC9757613_stitched.fits,17.0,65031.0,0.003675170303393766,22126768.0,PASS,SUCCESS,2026-02-28T12:23:02.033529+00:00
4636578,K02025.02,NON_HABITABLE,1,data\raw_fits\NON_HABITABLE\4636578\KIC4636578_stitched.fits,,,,,PENDING,SKIPPED_EXISTS,2026-02-28T12:23:56.241129+00:00
4989057,K01923.01,NON_HABITABLE,1,data\raw_fits\NON_HABITABLE\4989057\KIC4989057_stitched.fits,13.0,50383.0,0.0041680725641585455,850641376.0,PASS,SUCCESS,2026-02-28T12:23:56.744094+00:00
6677841,K01236.01,NON_HABITABLE,1,data\raw_fits\NON_HABITABLE\6677841\KIC6677841_stitched.fits,17.0,65031.0,0.003675170303393766,26875184.0,PASS,SUCCESS,2026-02-28T12:24:02.056591+00:00
3438507,K01204.01,NON_HABITABLE,1,data\raw_fits\NON_HABITABLE\3438507\KIC3438507_stitched.fits,17.0,65031.0,0.00364441574018545,28396336.0,PASS,SUCCESS,2026-02-28T12:24:08.667076+00:00
9205938,K02162.02,NON_HABITABLE,1,data\raw_fits\NON_HABITABLE\9205938\KIC9205938_stitched.fits,17.0,65031.0,0.003675170303393766,26950064.0,PASS,SUCCESS,2026-02-28T12:24:24.710922+00:00
5174858,K02532.01,NON_HABITABLE,1,data\raw_fits\NON_HABITABLE\5174858\KIC5174858_stitched.fits,17.0,65031.0,0.00364441574018545,21294000.0,PASS,SUCCESS,2026-02-28T12:25:07.823382+00:00
1872821,K02351.01,NON_HABITABLE,1,data\raw_fits\NON_HABITABLE\1872821\KIC1872821_stitched.fits,17.0,65031.0,0.003629038458581292,353801136.0,PASS,SUCCESS,2026-02-28T12:25:15.296573+00:00
8039892,K00903.01,NON_HABITABLE,1,data\raw_fits\NON_HABITABLE\8039892\KIC8039892_stitched.fits,17.0,65031.0,0.00364441574018545,4761640368.0,PASS,SUCCESS,2026-02-28T12:26:01.850520+00:00
10676014,K01797.01,NON_HABITABLE,1,data\raw_fits\NON_HABITABLE\10676014\KIC10676014_stitched.fits,14.0,51876.0,0.0027951268409283675,491024928.0,PASS,SUCCESS,2026-02-28T12:26:09.389137+00:00
5546761,K02160.01,NON_HABITABLE,1,data\raw_fits\NON_HABITABLE\5546761\KIC5546761_stitched.fits,14.0,51964.0,0.002886613809560465,599585696.0,PASS,SUCCESS,2026-02-28T12:26:46.367199+00:00
3632418,K00975.01,NON_HABITABLE,1,data\raw_fits\NON_HABITABLE\3632418\KIC3632418_stitched.fits,18.0,65504.0,0.0036028334147532974,4807476400.0,PASS,SUCCESS,2026-02-28T12:27:22.519396+00:00
4157325,K01860.02,NON_HABITABLE,1,data\raw_fits\NON_HABITABLE\4157325\KIC4157325_stitched.fits,14.0,55190.0,0.004022467838376518,427808848.0,PASS,SUCCESS,2026-02-28T12:27:29.445918+00:00
8751933,K01257.01,NON_HABITABLE,1,data\raw_fits\NON_HABITABLE\8751933\KIC8751933_stitched.fits,17.0,65031.0,0.0035829066137688177,1578445744.0,PASS,SUCCESS,2026-02-28T12:28:57.816262+00:00
4741126,K01534.01,NON_HABITABLE,1,data\raw_fits\NON_HABITABLE\4741126\KIC4741126_stitched.fits,18.0,65504.0,0.003679164631167562,30525616.0,PASS,SUCCESS,2026-02-28T12:29:40.753550+00:00
11918099,K00780.01,NON_HABITABLE,1,data\raw_fits\NON_HABITABLE\11918099\KIC11918099_stitched.fits,17.0,65031.0,0.00364441574018545,1202465712.0,PASS,SUCCESS,2026-02-28T12:30:26.037214+00:00
3546060,K02126.01,NON_HABITABLE,1,data\raw_fits\NON_HABITABLE\3546060\KIC3546060_stitched.fits,14.0,55190.0,0.004022467838376518,651579856.0,PASS,SUCCESS,2026-02-28T12:30:32.980356+00:00
5609593,K02834.01,NON_HABITABLE,1,data\raw_fits\NON_HABITABLE\5609593\KIC5609593_stitched.fits,16.0,63405.0,0.0037063323081775886,658045008.0,PASS,SUCCESS,2026-02-28T12:31:08.670370+00:00
2164169,K01029.01,NON_HABITABLE,1,data\raw_fits\NON_HABITABLE\2164169\KIC2164169_stitched.fits,17.0,65031.0,0.003629038458581292,433620912.0,PASS,SUCCESS,2026-02-28T12:31:50.524206+00:00
4365645,K01738.01,NON_HABITABLE,1,data\raw_fits\NON_HABITABLE\4365645\KIC4365645_stitched.fits,18.0,65504.0,0.0036486321446018563,546255792.0,PASS,SUCCESS,2026-02-28T12:32:33.204823+00:00
5531576,K00837.01,NON_HABITABLE,1,data\raw_fits\NON_HABITABLE\5531576\KIC5531576_stitched.fits,17.0,65031.0,0.00364441574018545,424017456.0,PASS,SUCCESS,2026-02-28T12:33:19.999408+00:00
6428700,K00853.02,NON_HABITABLE,1,data\raw_fits\NON_HABITABLE\6428700\KIC6428700_stitched.fits,17.0,65031.0,0.003675170303393766,22634928.0,PASS,SUCCESS,2026-02-28T12:33:26.619072+00:00
6037581,K01916.02,NON_HABITABLE,1,data\raw_fits\NON_HABITABLE\6037581\KIC6037581_stitched.fits,18.0,65504.0,0.0036333659013190033,3236207152.0,PASS,SUCCESS,2026-02-28T12:34:09.507137+00:00
5342473,K02297.01,NON_HABITABLE,1,data\raw_fits\NON_HABITABLE\5342473\KIC5342473_stitched.fits,13.0,50383.0,0.0041680725641585455,1108996192.0,PASS,SUCCESS,2026-02-28T12:34:55.195982+00:00
6803202,K00177.01,NON_HABITABLE,1,data\raw_fits\NON_HABITABLE\6803202\KIC6803202_stitched.fits,18.0,65504.0,0.0036333659013190033,1513917488.0,PASS,SUCCESS,2026-02-28T12:35:28.504326+00:00
6200235,K02350.01,NON_HABITABLE,1,data\raw_fits\NON_HABITABLE\6200235\KIC6200235_stitched.fits,17.0,65031.0,0.003598283895372976,1271675056.0,PASS,SUCCESS,2026-02-28T12:36:13.140573+00:00
11030475,K02248.01,NON_HABITABLE,1,data\raw_fits\NON_HABITABLE\11030475\KIC11030475_stitched.fits,17.0,65031.0,0.003659793021789608,53340592.0,PASS,SUCCESS,2026-02-28T12:36:55.840017+00:00
6962977,K01364.02,NON_HABITABLE,1,data\raw_fits\NON_HABITABLE\6962977\KIC6962977_stitched.fits,,,,,PENDING,SKIPPED_EXISTS,2026-02-28T12:37:39.806087+00:00
11804465,K00020.01,NON_HABITABLE,1,data\raw_fits\NON_HABITABLE\11804465\KIC11804465_stitched.fits,15.0,52195.0,0.004253280965609733,212864608.0,PASS,SUCCESS,2026-02-28T12:37:40.308931+00:00
6784235,K00863.01,NON_HABITABLE,1,data\raw_fits\NON_HABITABLE\6784235\KIC6784235_stitched.fits,17.0,65031.0,0.003659793021789608,187608624.0,PASS,SUCCESS,2026-02-28T12:37:46.355639+00:00
11460462,K02110.01,NON_HABITABLE,1,data\raw_fits\NON_HABITABLE\11460462\KIC11460462_stitched.fits,18.0,65504.0,0.0036638983878847092,548836272.0,PASS,SUCCESS,2026-02-28T12:37:52.869371+00:00
4349452,K00244.01,NON_HABITABLE,1,data\raw_fits\NON_HABITABLE\4349452\KIC4349452_stitched.fits,18.0,65504.0,0.003709697117733268,129808688.0,PASS,SUCCESS,2026-02-28T12:38:37.613793+00:00
3548044,K02194.01,NON_HABITABLE,1,data\raw_fits\NON_HABITABLE\3548044\KIC3548044_stitched.fits,17.0,65031.0,0.003613661176977134,2022646320.0,PASS,SUCCESS,2026-02-28T12:39:22.499566+00:00
11449844,K00125.01,NON_HABITABLE,1,data\raw_fits\NON_HABITABLE\11449844\KIC11449844_stitched.fits,17.0,65031.0,0.003598283895372976,279466032.0,PASS,SUCCESS,2026-02-28T12:39:28.935332+00:00
3240158,K01106.02,NON_HABITABLE,1,data\raw_fits\NON_HABITABLE\3240158\KIC3240158_stitched.fits,17.0,65031.0,0.003629038458581292,39825200.0,PASS,SUCCESS,2026-02-28T12:39:35.711844+00:00
12266636,K01522.01,NON_HABITABLE,1,data\raw_fits\NON_HABITABLE\12266636\KIC12266636_stitched.fits,17.0,65031.0,0.003598283895372976,234603952.0,PASS,SUCCESS,2026-02-28T12:39:42.341914+00:00
8174625,K01017.01,NON_HABITABLE,1,data\raw_fits\NON_HABITABLE\8174625\KIC8174625_stitched.fits,17.0,65031.0,0.00364441574018545,5869080624.0,PASS,SUCCESS,2026-02-28T12:40:23.719255+00:00
10617017,K02149.01,NON_HABITABLE,1,data\raw_fits\NON_HABITABLE\10617017\KIC10617017_stitched.fits,15.0,52349.0,0.0028080765630671073,5133804064.0,PASS,SUCCESS,2026-02-28T12:40:25.967864+00:00
12110942,K00786.01,NON_HABITABLE,1,data\raw_fits\NON_HABITABLE\12110942\KIC12110942_stitched.fits,17.0,65031.0,0.003613661176977134,27897264.0,PASS,SUCCESS,2026-02-28T12:40:59.244573+00:00
11121752,K02333.01,NON_HABITABLE,1,data\raw_fits\NON_HABITABLE\11121752\KIC11121752_stitched.fits,17.0,65031.0,0.003675170303393766,42143792.0,PASS,SUCCESS,2026-02-28T12:41:01.793784+00:00
10005758,K01783.01,NON_HABITABLE,1,data\raw_fits\NON_HABITABLE\10005758\KIC10005758_stitched.fits,17.0,65031.0,0.003690547584997924,27987632.0,PASS,SUCCESS,2026-02-28T12:41:04.368060+00:00
9244756,K01969.01,NON_HABITABLE,1,data\raw_fits\NON_HABITABLE\9244756\KIC9244756_stitched.fits,17.0,65031.0,0.003598283895372976,252571184.0,PASS,SUCCESS,2026-02-28T12:41:42.362952+00:00
5511081,K01930.03,NON_HABITABLE,1,data\raw_fits\NON_HABITABLE\5511081\KIC5511081_stitched.fits,,,,,PENDING,SKIPPED_EXISTS,2026-02-28T12:42:21.147500+00:00
7289317,K02450.01,NON_HABITABLE,1,data\raw_fits\NON_HABITABLE\7289317\KIC7289317_stitched.fits,17.0,65031.0,0.003659793021789608,109722416.0,PASS,SUCCESS,2026-02-28T12:42:21.648956+00:00
5621125,K01814.01,NON_HABITABLE,1,data\raw_fits\NON_HABITABLE\5621125\KIC5621125_stitched.fits,18.0,65504.0,0.0036180996580361504,402630704.0,PASS,SUCCESS,2026-02-28T12:42:59.713319+00:00
8410727,K01148.01,NON_HABITABLE,1,data\raw_fits\NON_HABITABLE\8410727\KIC8410727_stitched.fits,17.0,65031.0,0.003675170303393766,25346864.0,PASS,SUCCESS,2026-02-28T12:43:02.148216+00:00
9221517,K02281.01,NON_HABITABLE,1,data\raw_fits\NON_HABITABLE\9221517\KIC9221517_stitched.fits,17.0,65031.0,0.003598283895372976,1036800304.0,PASS,SUCCESS,2026-02-28T12:43:04.877198+00:00
10975146,K01300.01,NON_HABITABLE,1,data\raw_fits\NON_HABITABLE\10975146\KIC10975146_stitched.fits,17.0,65031.0,0.003675170303393766,32720816.0,PASS,SUCCESS,2026-02-28T12:43:07.564950+00:00
7097965,K02083.01,NON_HABITABLE,1,data\raw_fits\NON_HABITABLE\7097965\KIC7097965_stitched.fits,14.0,50856.0,0.004207959729432122,23132256.0,PASS,SUCCESS,2026-02-28T12:43:45.691192+00:00
7458762,K00887.01,NON_HABITABLE,1,data\raw_fits\NON_HABITABLE\7458762\KIC7458762_stitched.fits,17.0,65031.0,0.00364441574018545,36562736.0,PASS,SUCCESS,2026-02-28T12:44:16.742584+00:00
12058204,K02218.01,NON_HABITABLE,1,data\raw_fits\NON_HABITABLE\12058204\KIC12058204_stitched.fits,17.0,65031.0,0.003598283895372976,1751937072.0,PASS,SUCCESS,2026-02-28T12:44:19.054194+00:00
12159249,K01536.01,NON_HABITABLE,1,data\raw_fits\NON_HABITABLE\12159249\KIC12159249_stitched.fits,18.0,65504.0,0.0036486321446018563,1151618480.0,PASS,SUCCESS,2026-02-28T12:44:57.886131+00:00
8164257,K02073.02,NON_HABITABLE,1,data\raw_fits\NON_HABITABLE\8164257\KIC8164257_stitched.fits,17.0,65031.0,0.00364441574018545,291623984.0,PASS,SUCCESS,2026-02-28T12:45:37.305199+00:00
5972334,K00191.02,NON_HABITABLE,1,data\raw_fits\NON_HABITABLE\5972334\KIC5972334_stitched.fits,,,,,PENDING,SKIPPED_EXISTS,2026-02-28T12:45:39.651264+00:00
3218908,K01108.01,NON_HABITABLE,1,data\raw_fits\NON_HABITABLE\3218908\KIC3218908_stitched.fits,17.0,65031.0,0.00364441574018545,497600432.0,PASS,SUCCESS,2026-02-28T12:45:40.152649+00:00
4140813,K02117.01,NON_HABITABLE,1,data\raw_fits\NON_HABITABLE\4140813\KIC4140813_stitched.fits,17.0,65031.0,0.003675170303393766,134836528.0,PASS,SUCCESS,2026-02-28T12:45:42.676324+00:00
5124667,K01822.01,NON_HABITABLE,1,data\raw_fits\NON_HABITABLE\5124667\KIC5124667_stitched.fits,18.0,65504.0,0.0036333659013190033,305647536.0,PASS,SUCCESS,2026-02-28T12:46:20.174937+00:00
8013439,K02352.02,NON_HABITABLE,1,data\raw_fits\NON_HABITABLE\8013439\KIC8013439_stitched.fits,18.0,65504.0,0.003709697117733268,48993200.0,PASS,SUCCESS,2026-02-28T12:47:00.021926+00:00
4142847,K02210.01,NON_HABITABLE,1,data\raw_fits\NON_HABITABLE\4142847\KIC4142847_stitched.fits,17.0,65031.0,0.0035675293321646598,4872756400.0,PASS,SUCCESS,2026-02-28T12:47:40.133353+00:00
7102227,K01360.02,NON_HABITABLE,1,data\raw_fits\NON_HABITABLE\7102227\KIC7102227_stitched.fits,17.0,65031.0,0.003675170303393766,97176880.0,PASS,SUCCESS,2026-02-28T12:47:42.438954+00:00
8226994,K00906.02,NON_HABITABLE,1,data\raw_fits\NON_HABITABLE\8226994\KIC8226994_stitched.fits,17.0,65031.0,0.003659793021789608,1312176176.0,PASS,SUCCESS,2026-02-28T12:47:44.922360+00:00
9518318,K01978.01,NON_HABITABLE,1,data\raw_fits\NON_HABITABLE\9518318\KIC9518318_stitched.fits,17.0,65031.0,0.003675170303393766,398764976.0,PASS,SUCCESS,2026-02-28T12:47:47.378587+00:00
5735762,K00148.02,NON_HABITABLE,1,data\raw_fits\NON_HABITABLE\5735762\KIC5735762_stitched.fits,18.0,65504.0,0.0036180996580361504,1582965936.0,PASS,SUCCESS,2026-02-28T12:47:49.872626+00:00
6774880,K02062.01,NON_HABITABLE,1,data\raw_fits\NON_HABITABLE\6774880\KIC6774880_stitched.fits,17.0,65031.0,0.00364441574018545,22443568.0,PASS,SUCCESS,2026-02-28T12:47:52.930928+00:00
4476123,K00814.01,NON_HABITABLE,1,data\raw_fits\NON_HABITABLE\4476123\KIC4476123_stitched.fits,14.0,51964.0,0.0028288815333692555,558422432.0,PASS,SUCCESS,2026-02-28T12:48:30.219220+00:00
5031857,K01573.01,NON_HABITABLE,1,data\raw_fits\NON_HABITABLE\5031857\KIC5031857_stitched.fits,17.0,65031.0,0.003598283895372976,747230256.0,PASS,SUCCESS,2026-02-28T12:48:36.501034+00:00
5735762,K00148.01,NON_HABITABLE,1,data\raw_fits\NON_HABITABLE\5735762\KIC5735762_stitched.fits,,,,,PENDING,SKIPPED_EXISTS,2026-02-28T12:49:14.471812+00:00
11760231,K01841.01,NON_HABITABLE,1,data\raw_fits\NON_HABITABLE\11760231\KIC11760231_stitched.fits,18.0,65504.0,0.0036333659013190033,321589168.0,PASS,SUCCESS,2026-02-28T12:49:14.973902+00:00
11954842,K01530.01,NON_HABITABLE,1,data\raw_fits\NON_HABITABLE\11954842\KIC11954842_stitched.fits,15.0,52195.0,0.004253280965609733,187181408.0,PASS,SUCCESS,2026-02-28T12:49:17.705214+00:00
8609450,K01278.01,NON_HABITABLE,1,data\raw_fits\NON_HABITABLE\8609450\KIC8609450_stitched.fits,17.0,65031.0,0.003675170303393766,32340144.0,PASS,SUCCESS,2026-02-28T12:49:50.674001+00:00
11389771,K01436.01,NON_HABITABLE,1,data\raw_fits\NON_HABITABLE\11389771\KIC11389771_stitched.fits,14.0,51722.0,0.004234175012567186,1734803424.0,PASS,SUCCESS,2026-02-28T12:50:28.942050+00:00
11121752,K02333.02,NON_HABITABLE,1,data\raw_fits\NON_HABITABLE\11121752\KIC11121752_stitched.fits,,,,,PENDING,SKIPPED_EXISTS,2026-02-28T12:50:31.159334+00:00
8247638,K00907.04,NON_HABITABLE,1,data\raw_fits\NON_HABITABLE\8247638\KIC8247638_stitched.fits,16.0,60915.0,0.0037757530985799885,158596192.0,PASS,SUCCESS,2026-02-28T12:50:31.660637+00:00
8613535,K02263.01,NON_HABITABLE,1,data\raw_fits\NON_HABITABLE\8613535\KIC8613535_stitched.fits,17.0,65031.0,0.003675170303393766,4725226032.0,PASS,SUCCESS,2026-02-28T12:50:34.269695+00:00
3342794,K02278.02,NON_HABITABLE,1,data\raw_fits\NON_HABITABLE\3342794\KIC3342794_stitched.fits,17.0,65031.0,0.003613661176977134,431101360.0,PASS,SUCCESS,2026-02-28T12:51:12.437298+00:00
4650733,K01659.01,NON_HABITABLE,1,data\raw_fits\NON_HABITABLE\4650733\KIC4650733_stitched.fits,17.0,65031.0,0.00364441574018545,89255472.0,PASS,SUCCESS,2026-02-28T12:51:14.715971+00:00
9044228,K01988.01,NON_HABITABLE,1,data\raw_fits\NON_HABITABLE\9044228\KIC9044228_stitched.fits,17.0,65031.0,0.003598283895372976,1897924016.0,PASS,SUCCESS,2026-02-28T12:51:52.738329+00:00
6962977,K01364.04,NON_HABITABLE,1,data\raw_fits\NON_HABITABLE\6962977\KIC6962977_stitched.fits,,,,,PENDING,SKIPPED_EXISTS,2026-02-28T12:51:55.034777+00:00
11403044,K00766.01,NON_HABITABLE,1,data\raw_fits\NON_HABITABLE\11403044\KIC11403044_stitched.fits,16.0,63405.0,0.003737875561864206,18777424.0,PASS,SUCCESS,2026-02-28T12:51:55.536221+00:00
2713049,K00794.01,NON_HABITABLE,1,data\raw_fits\NON_HABITABLE\2713049\KIC2713049_stitched.fits,17.0,65031.0,0.003629038458581292,1262033072.0,PASS,SUCCESS,2026-02-28T12:51:58.010288+00:00
9364290,K02374.02,NON_HABITABLE,1,data\raw_fits\NON_HABITABLE\9364290\KIC9364290_stitched.fits,17.0,65031.0,0.003598283895372976,1176881712.0,PASS,SUCCESS,2026-02-28T12:52:00.807799+00:00
9471268,K01835.03,NON_HABITABLE,1,data\raw_fits\NON_HABITABLE\9471268\KIC9471268_stitched.fits,17.0,65031.0,0.003659793021789608,116113200.0,PASS,SUCCESS,2026-02-28T12:52:05.955196+00:00
11342416,K02366.01,NON_HABITABLE,1,data\raw_fits\NON_HABITABLE\11342416\KIC11342416_stitched.fits,15.0,52195.0,0.00431075773541527,30857440.0,PASS,SUCCESS,2026-02-28T12:52:10.259592+00:00
9278725,K02223.01,NON_HABITABLE,1,data\raw_fits\NON_HABITABLE\9278725\KIC9278725_stitched.fits,17.0,65031.0,0.0035829066137688177,155741744.0,PASS,SUCCESS,2026-02-28T12:52:12.538713+00:00
9307509,K02096.01,NON_HABITABLE,1,data\raw_fits\NON_HABITABLE\9307509\KIC9307509_stitched.fits,17.0,65031.0,0.003598283895372976,268053552.0,PASS,SUCCESS,2026-02-28T12:52:15.286094+00:00
9839821,K02012.02,NON_HABITABLE,1,data\raw_fits\NON_HABITABLE\9839821\KIC9839821_stitched.fits,17.0,65031.0,0.003659793021789608,58267824.0,PASS,SUCCESS,2026-02-28T12:52:53.579605+00:00
8167996,K01867.01,NON_HABITABLE,1,data\raw_fits\NON_HABITABLE\8167996\KIC8167996_stitched.fits,17.0,65031.0,0.00364441574018545,105223472.0,PASS,SUCCESS,2026-02-28T12:52:55.787971+00:00
4263293,K01895.02,NON_HABITABLE,1,data\raw_fits\NON_HABITABLE\4263293\KIC4263293_stitched.fits,17.0,65031.0,0.003613661176977134,812822320.0,PASS,SUCCESS,2026-02-28T12:52:58.423828+00:00
6871071,K02220.03,NON_HABITABLE,1,data\raw_fits\NON_HABITABLE\6871071\KIC6871071_stitched.fits,17.0,65031.0,0.003659793021789608,24998064.0,PASS,SUCCESS,2026-02-28T12:53:36.397742+00:00
9704384,K01913.01,NON_HABITABLE,1,data\raw_fits\NON_HABITABLE\9704384\KIC9704384_stitched.fits,18.0,65504.0,0.003724963361016121,28904752.0,PASS,SUCCESS,2026-02-28T12:54:14.445431+00:00
5695524,K01897.01,NON_HABITABLE,1,data\raw_fits\NON_HABITABLE\5695524\KIC5695524_stitched.fits,17.0,65031.0,0.00364441574018545,35735216.0,PASS,SUCCESS,2026-02-28T12:54:53.885227+00:00
8168187,K02209.01,NON_HABITABLE,1,data\raw_fits\NON_HABITABLE\8168187\KIC8168187_stitched.fits,17.0,65031.0,0.00364441574018545,135346736.0,PASS,SUCCESS,2026-02-28T12:54:56.083133+00:00
9512687,K00942.01,NON_HABITABLE,1,data\raw_fits\NON_HABITABLE\9512687\KIC9512687_stitched.fits,17.0,65031.0,0.003675170303393766,26574768.0,PASS,SUCCESS,2026-02-28T12:55:34.752526+00:00
8766650,K01904.01,NON_HABITABLE,1,data\raw_fits\NON_HABITABLE\8766650\KIC8766650_stitched.fits,18.0,65504.0,0.003694430874450415,1624897200.0,PASS,SUCCESS,2026-02-28T12:55:41.317870+00:00
5456651,K00835.01,NON_HABITABLE,1,data\raw_fits\NON_HABITABLE\5456651\KIC5456651_stitched.fits,14.0,51964.0,0.002886613809560465,165377824.0,PASS,SUCCESS,2026-02-28T12:56:27.945024+00:00
8167996,K01867.02,NON_HABITABLE,1,data\raw_fits\NON_HABITABLE\8167996\KIC8167996_stitched.fits,,,,,PENDING,SKIPPED_EXISTS,2026-02-28T12:56:34.728754+00:00
2989404,K01824.01,NON_HABITABLE,1,data\raw_fits\NON_HABITABLE\2989404\KIC2989404_stitched.fits,18.0,65504.0,0.003679164631167562,43334960.0,PASS,SUCCESS,2026-02-28T12:56:35.231699+00:00
7295235,K00987.01,NON_HABITABLE,1,data\raw_fits\NON_HABITABLE\7295235\KIC7295235_stitched.fits,18.0,65504.0,0.003679164631167562,29555632.0,PASS,SUCCESS,2026-02-28T12:56:43.131460+00:00
7019489,K02128.01,FALSE_POSITIVE,2,data\raw_fits\FALSE_POSITIVE\7019489\KIC7019489_stitched.fits,14.0,55190.0,0.0040949447363652835,17967696.0,PASS,SUCCESS,2026-02-28T12:56:51.701338+00:00
9451127,K01381.01,FALSE_POSITIVE,2,data\raw_fits\FALSE_POSITIVE\9451127\KIC9451127_stitched.fits,17.0,65031.0,0.003675170303393766,20456496.0,PASS,SUCCESS,2026-02-28T12:56:58.874408+00:00
9719634,K01500.01,FALSE_POSITIVE,2,data\raw_fits\FALSE_POSITIVE\9719634\KIC9719634_stitched.fits,17.0,65031.0,0.003659793021789608,345755056.0,PASS,SUCCESS,2026-02-28T12:57:04.469208+00:00
7531677,K02601.01,FALSE_POSITIVE,2,data\raw_fits\FALSE_POSITIVE\7531677\KIC7531677_stitched.fits,17.0,65031.0,0.003659793021789608,975576624.0,PASS,SUCCESS,2026-02-28T12:57:06.865918+00:00
8345172,K02385.01,FALSE_POSITIVE,2,data\raw_fits\FALSE_POSITIVE\8345172\KIC8345172_stitched.fits,17.0,65031.0,0.003675170303393766,86577072.0,PASS,SUCCESS,2026-02-28T12:57:13.937816+00:00
5820218,K01048.01,FALSE_POSITIVE,2,data\raw_fits\FALSE_POSITIVE\5820218\KIC5820218_stitched.fits,17.0,65031.0,0.0035829066137688177,242146864.0,PASS,SUCCESS,2026-02-28T12:57:21.578174+00:00
7601633,K00136.01,FALSE_POSITIVE,2,data\raw_fits\FALSE_POSITIVE\7601633\KIC7601633_stitched.fits,10.0,34042.0,0.003789436578344398,1340350112.0,PASS,SUCCESS,2026-02-28T12:57:29.224849+00:00
3441784,K00976.01,FALSE_POSITIVE,2,data\raw_fits\FALSE_POSITIVE\3441784\KIC3441784_stitched.fits,18.0,65504.0,0.003679164631167562,954091824.0,PASS,SUCCESS,2026-02-28T12:57:34.547657+00:00
3655332,K01179.01,FALSE_POSITIVE,2,data\raw_fits\FALSE_POSITIVE\3655332\KIC3655332_stitched.fits,14.0,51964.0,0.0028288815333692555,639996576.0,PASS,SUCCESS,2026-02-28T12:57:41.834640+00:00
9850893,K01523.01,FALSE_POSITIVE,2,data\raw_fits\FALSE_POSITIVE\9850893\KIC9850893_stitched.fits,14.0,51876.0,0.0027180198935924126,1456240032.0,PASS,SUCCESS,2026-02-28T12:57:44.020974+00:00
10583180,K00748.01,FALSE_POSITIVE,2,data\raw_fits\FALSE_POSITIVE\10583180\KIC10583180_stitched.fits,17.0,65031.0,0.003659793021789608,646625584.0,PASS,SUCCESS,2026-02-28T12:57:46.315637+00:00
7697568,K01829.01,FALSE_POSITIVE,2,data\raw_fits\FALSE_POSITIVE\7697568\KIC7697568_stitched.fits,16.0,63405.0,0.0036747890544909707,46938704.0,PASS,SUCCESS,2026-02-28T12:57:48.794492+00:00
9940565,K01548.01,FALSE_POSITIVE,2,data\raw_fits\FALSE_POSITIVE\9940565\KIC9940565_stitched.fits,17.0,65031.0,0.003690547584997924,22714032.0,PASS,SUCCESS,2026-02-28T12:57:51.203403+00:00
3228959,K01107.01,FALSE_POSITIVE,2,data\raw_fits\FALSE_POSITIVE\3228959\KIC3228959_stitched.fits,17.0,65031.0,0.00364441574018545,26491184.0,PASS,SUCCESS,2026-02-28T12:57:53.716996+00:00
6864893,K02375.01,FALSE_POSITIVE,2,data\raw_fits\FALSE_POSITIVE\6864893\KIC6864893_stitched.fits,17.0,65031.0,0.00364441574018545,23287984.0,PASS,SUCCESS,2026-02-28T12:57:56.251243+00:00
6153672,K01794.01,FALSE_POSITIVE,2,data\raw_fits\FALSE_POSITIVE\6153672\KIC6153672_stitched.fits,17.0,65031.0,0.0035829066137688177,603241904.0,PASS,SUCCESS,2026-02-28T12:57:58.872191+00:00
9842937,K02567.01,FALSE_POSITIVE,2,data\raw_fits\FALSE_POSITIVE\9842937\KIC9842937_stitched.fits,14.0,51876.0,0.002775850104094379,19032224.0,PASS,SUCCESS,2026-02-28T12:58:01.326930+00:00
5897826,K00126.01,FALSE_POSITIVE,2,data\raw_fits\FALSE_POSITIVE\5897826\KIC5897826_stitched.fits,18.0,65504.0,0.0036333659013190033,1534952624.0,PASS,SUCCESS,2026-02-28T12:58:03.675879+00:00
10125352,K00021.01,FALSE_POSITIVE,2,data\raw_fits\FALSE_POSITIVE\10125352\KIC10125352_stitched.fits,18.0,65504.0,0.003694430874450415,36489904.0,PASS,SUCCESS,2026-02-28T12:58:06.420666+00:00
4391348,K02514.01,FALSE_POSITIVE,2,data\raw_fits\FALSE_POSITIVE\4391348\KIC4391348_stitched.fits,14.0,55190.0,0.004004348613879326,35685968.0,PASS,SUCCESS,2026-02-28T12:58:09.286019+00:00
2851100,K01104.01,FALSE_POSITIVE,2,data\raw_fits\FALSE_POSITIVE\2851100\KIC2851100_stitched.fits,17.0,65031.0,0.00364441574018545,21745712.0,PASS,SUCCESS,2026-02-28T12:58:11.773841+00:00
8453211,K00236.01,FALSE_POSITIVE,2,data\raw_fits\FALSE_POSITIVE\8453211\KIC8453211_stitched.fits,17.0,65031.0,0.003598283895372976,1072703664.0,PASS,SUCCESS,2026-02-28T12:58:14.279619+00:00
5307858,K02558.01,FALSE_POSITIVE,2,data\raw_fits\FALSE_POSITIVE\5307858\KIC5307858_stitched.fits,14.0,55190.0,0.003986229389382134,407308368.0,PASS,SUCCESS,2026-02-28T12:58:16.911504+00:00
9520668,K01514.01,FALSE_POSITIVE,2,data\raw_fits\FALSE_POSITIVE\9520668\KIC9520668_stitched.fits,17.0,65031.0,0.003690547584997924,20296112.0,PASS,SUCCESS,2026-02-28T12:58:19.277412+00:00
6153201,K01038.01,FALSE_POSITIVE,2,data\raw_fits\FALSE_POSITIVE\6153201\KIC6153201_stitched.fits,14.0,55190.0,0.003986229389382134,107405136.0,PASS,SUCCESS,2026-02-28T12:58:21.742888+00:00
10419211,K00742.01,FALSE_POSITIVE,2,data\raw_fits\FALSE_POSITIVE\10419211\KIC10419211_stitched.fits,14.0,51876.0,0.0027951268409283675,42287648.0,PASS,SUCCESS,2026-02-28T12:58:24.160216+00:00
10015516,K00990.01,FALSE_POSITIVE,2,data\raw_fits\FALSE_POSITIVE\10015516\KIC10015516_stitched.fits,18.0,65504.0,0.003694430874450415,50431024.0,PASS,SUCCESS,2026-02-28T12:58:26.389966+00:00
11774387,K01497.01,FALSE_POSITIVE,2,data\raw_fits\FALSE_POSITIVE\11774387\KIC11774387_stitched.fits,16.0,63405.0,0.0036905606813342796,22762832.0,PASS,SUCCESS,2026-02-28T12:58:29.082140+00:00
11493732,K00772.01,FALSE_POSITIVE,2,data\raw_fits\FALSE_POSITIVE\11493732\KIC11493732_stitched.fits,11.0,41943.0,0.0049114274133943685,1562178976.0,PASS,SUCCESS,2026-02-28T12:58:31.603691+00:00
9899280,K01559.01,FALSE_POSITIVE,2,data\raw_fits\FALSE_POSITIVE\9899280\KIC9899280_stitched.fits,17.0,65031.0,0.003659793021789608,56295984.0,PASS,SUCCESS,2026-02-28T12:58:33.745901+00:00
11673674,K00133.01,FALSE_POSITIVE,2,data\raw_fits\FALSE_POSITIVE\11673674\KIC11673674_stitched.fits,17.0,65031.0,0.003629038458581292,30267568.0,PASS,SUCCESS,2026-02-28T12:58:36.243319+00:00
8703884,K01262.01,FALSE_POSITIVE,2,data\raw_fits\FALSE_POSITIVE\8703884\KIC8703884_stitched.fits,14.0,55190.0,0.004076825511868092,40101584.0,PASS,SUCCESS,2026-02-28T12:58:38.662935+00:00
5876368,K01049.01,FALSE_POSITIVE,2,data\raw_fits\FALSE_POSITIVE\5876368\KIC5876368_stitched.fits,17.0,65031.0,0.0035829066137688177,1083210928.0,PASS,SUCCESS,2026-02-28T12:58:40.931825+00:00
3344419,K01181.01,FALSE_POSITIVE,2,data\raw_fits\FALSE_POSITIVE\3344419\KIC3344419_stitched.fits,17.0,65031.0,0.003613661176977134,381179056.0,PASS,SUCCESS,2026-02-28T12:58:43.383541+00:00
5097868,K02435.01,FALSE_POSITIVE,2,data\raw_fits\FALSE_POSITIVE\5097868\KIC5097868_stitched.fits,17.0,65031.0,0.00364441574018545,144999344.0,PASS,SUCCESS,2026-02-28T12:58:45.954463+00:00
8560285,K01249.01,FALSE_POSITIVE,2,data\raw_fits\FALSE_POSITIVE\8560285\KIC8560285_stitched.fits,14.0,55190.0,0.0040587062873709,64879440.0,PASS,SUCCESS,2026-02-28T12:58:48.363101+00:00
11769801,K02633.01,FALSE_POSITIVE,2,data\raw_fits\FALSE_POSITIVE\11769801\KIC11769801_stitched.fits,18.0,65504.0,0.003679164631167562,809430576.0,PASS,SUCCESS,2026-02-28T12:58:50.714189+00:00
4459924,K02441.01,FALSE_POSITIVE,2,data\raw_fits\FALSE_POSITIVE\4459924\KIC4459924_stitched.fits,17.0,65031.0,0.00364441574018545,26488752.0,PASS,SUCCESS,2026-02-28T12:58:55.793542+00:00
3832716,K00027.01,FALSE_POSITIVE,2,data\raw_fits\FALSE_POSITIVE\3832716\KIC3832716_stitched.fits,18.0,65504.0,0.003694430874450415,64708016.0,PASS,SUCCESS,2026-02-28T12:58:58.201485+00:00
5542983,K02501.01,FALSE_POSITIVE,2,data\raw_fits\FALSE_POSITIVE\5542983\KIC5542983_stitched.fits,15.0,52437.0,0.002936857562408223,25088672.0,PASS,SUCCESS,2026-02-28T12:59:00.680437+00:00
6956233,K01352.01,FALSE_POSITIVE,2,data\raw_fits\FALSE_POSITIVE\6956233\KIC6956233_stitched.fits,14.0,55190.0,0.004076825511868092,16411216.0,PASS,SUCCESS,2026-02-28T12:59:02.972000+00:00
7622486,K01447.02,FALSE_POSITIVE,2,data\raw_fits\FALSE_POSITIVE\7622486\KIC7622486_stitched.fits,17.0,65031.0,0.00364441574018545,25425968.0,PASS,SUCCESS,2026-02-28T12:59:05.192732+00:00
8330548,K01132.01,FALSE_POSITIVE,2,data\raw_fits\FALSE_POSITIVE\8330548\KIC8330548_stitched.fits,17.0,65031.0,0.0035675293321646598,460645296.0,PASS,SUCCESS,2026-02-28T12:59:07.675463+00:00
6390824,K01234.01,FALSE_POSITIVE,2,data\raw_fits\FALSE_POSITIVE\6390824\KIC6390824_stitched.fits,17.0,65031.0,0.003598283895372976,839701552.0,PASS,SUCCESS,2026-02-28T12:59:10.135896+00:00
2437505,K02671.02,FALSE_POSITIVE,2,data\raw_fits\FALSE_POSITIVE\2437505\KIC2437505_stitched.fits,28.0,,,,PENDING,"ERROR: LightkurveError: Not recognized as a supported data product:
C:\Users\jaskirat singh\.lightkurve\cache\mastDownload\HLSP\hlsp_iris_kepler",2026-02-28T12:59:25.529957+00:00
10351767,K01153.01,FALSE_POSITIVE,2,data\raw_fits\FALSE_POSITIVE\10351767\KIC10351767_stitched.fits,14.0,51876.0,0.0027951268409283675,24699808.0,PASS,SUCCESS,2026-02-28T12:59:31.582710+00:00
6621116,K01226.01,FALSE_POSITIVE,2,data\raw_fits\FALSE_POSITIVE\6621116\KIC6621116_stitched.fits,17.0,65031.0,0.00364441574018545,21294640.0,PASS,SUCCESS,2026-02-28T12:59:33.823609+00:00
8397675,K01140.01,FALSE_POSITIVE,2,data\raw_fits\FALSE_POSITIVE\8397675\KIC8397675_stitched.fits,18.0,65504.0,0.0036028334147532974,150573104.0,PASS,SUCCESS,2026-02-28T12:59:36.218856+00:00
11955499,K01512.01,FALSE_POSITIVE,2,data\raw_fits\FALSE_POSITIVE\11955499\KIC11955499_stitched.fits,14.0,51722.0,0.00421484088008971,98592480.0,PASS,SUCCESS,2026-02-28T12:59:38.771964+00:00
10874926,K01293.01,FALSE_POSITIVE,2,data\raw_fits\FALSE_POSITIVE\10874926\KIC10874926_stitched.fits,14.0,51876.0,0.0027951268409283675,27513888.0,PASS,SUCCESS,2026-02-28T12:59:40.940392+00:00
5283542,K00827.01,FALSE_POSITIVE,2,data\raw_fits\FALSE_POSITIVE\5283542\KIC5283542_stitched.fits,14.0,51964.0,0.002886613809560465,23103648.0,PASS,SUCCESS,2026-02-28T12:59:43.367412+00:00
9851226,K01468.01,FALSE_POSITIVE,2,data\raw_fits\FALSE_POSITIVE\9851226\KIC9851226_stitched.fits,14.0,51876.0,0.0027180198935924126,20323872.0,PASS,SUCCESS,2026-02-28T12:59:45.519384+00:00
3547091,K01177.01,FALSE_POSITIVE,2,data\raw_fits\FALSE_POSITIVE\3547091\KIC3547091_stitched.fits,16.0,63405.0,0.0036747890544909707,332757840.0,PASS,SUCCESS,2026-02-28T12:59:47.712447+00:00
10341913,K01172.01,FALSE_POSITIVE,2,data\raw_fits\FALSE_POSITIVE\10341913\KIC10341913_stitched.fits,18.0,65504.0,0.003373839765510503,9333803696.0,PASS,SUCCESS,2026-02-28T12:59:50.251706+00:00
10033279,K01604.01,FALSE_POSITIVE,2,data\raw_fits\FALSE_POSITIVE\10033279\KIC10033279_stitched.fits,15.0,52349.0,0.002769871439760072,202086688.0,PASS,SUCCESS,2026-02-28T12:59:52.820001+00:00
5547480,K00224.01,FALSE_POSITIVE,2,data\raw_fits\FALSE_POSITIVE\5547480\KIC5547480_stitched.fits,14.0,51964.0,0.002886613809560465,345251104.0,PASS,SUCCESS,2026-02-28T12:59:55.088248+00:00
11465813,K00771.01,FALSE_POSITIVE,2,data\raw_fits\FALSE_POSITIVE\11465813\KIC11465813_stitched.fits,14.0,52147.0,0.004180489769306001,27705392.0,PASS,SUCCESS,2026-02-28T12:59:57.391326+00:00
11922678,K02425.01,FALSE_POSITIVE,2,data\raw_fits\FALSE_POSITIVE\11922678\KIC11922678_stitched.fits,18.0,65504.0,0.0036333659013190033,179262000.0,PASS,SUCCESS,2026-02-28T12:59:59.576079+00:00
10514770,K01156.01,FALSE_POSITIVE,2,data\raw_fits\FALSE_POSITIVE\10514770\KIC10514770_stitched.fits,17.0,65031.0,0.003675170303393766,43357488.0,PASS,SUCCESS,2026-02-28T13:00:02.049102+00:00
5545815,K02452.01,FALSE_POSITIVE,2,data\raw_fits\FALSE_POSITIVE\5545815\KIC5545815_stitched.fits,14.0,51964.0,0.002886613809560465,31673760.0,PASS,SUCCESS,2026-02-28T13:00:08.707438+00:00
8801343,K01247.01,FALSE_POSITIVE,2,data\raw_fits\FALSE_POSITIVE\8801343\KIC8801343_stitched.fits,18.0,65504.0,0.003709697117733268,31995696.0,PASS,SUCCESS,2026-02-28T13:00:10.874322+00:00
7255336,K00019.01,FALSE_POSITIVE,2,data\raw_fits\FALSE_POSITIVE\7255336\KIC7255336_stitched.fits,18.0,65504.0,0.003679164631167562,1298722480.0,PASS,SUCCESS,2026-02-28T13:00:13.321727+00:00
8415745,K01138.01,FALSE_POSITIVE,2,data\raw_fits\FALSE_POSITIVE\8415745\KIC8415745_stitched.fits,14.0,55190.0,0.0040949447363652835,31090640.0,PASS,SUCCESS,2026-02-28T13:00:15.939360+00:00
3240706,K01098.01,FALSE_POSITIVE,2,data\raw_fits\FALSE_POSITIVE\3240706\KIC3240706_stitched.fits,17.0,65031.0,0.003629038458581292,122026672.0,PASS,SUCCESS,2026-02-28T13:00:18.759843+00:00
3946023,K02447.01,FALSE_POSITIVE,2,data\raw_fits\FALSE_POSITIVE\3946023\KIC3946023_stitched.fits,18.0,65504.0,0.003679164631167562,68417840.0,PASS,SUCCESS,2026-02-28T13:00:21.180055+00:00
10407221,K02605.01,FALSE_POSITIVE,2,data\raw_fits\FALSE_POSITIVE\10407221\KIC10407221_stitched.fits,16.0,63405.0,0.0037221039350208976,38432336.0,PASS,SUCCESS,2026-02-28T13:00:23.621563+00:00
12167361,K00980.01,FALSE_POSITIVE,2,data\raw_fits\FALSE_POSITIVE\12167361\KIC12167361_stitched.fits,18.0,65504.0,0.0036333659013190033,87711024.0,PASS,SUCCESS,2026-02-28T13:00:25.954290+00:00
7199774,K01346.01,FALSE_POSITIVE,2,data\raw_fits\FALSE_POSITIVE\7199774\KIC7199774_stitched.fits,18.0,65504.0,0.003679164631167562,31684272.0,PASS,SUCCESS,2026-02-28T13:00:28.455046+00:00
4950232,K01753.01,FALSE_POSITIVE,2,data\raw_fits\FALSE_POSITIVE\4950232\KIC4950232_stitched.fits,14.0,55190.0,0.004004348613879326,18859088.0,PASS,SUCCESS,2026-02-28T13:00:30.979594+00:00
3340070,K01097.01,FALSE_POSITIVE,2,data\raw_fits\FALSE_POSITIVE\3340070\KIC3340070_stitched.fits,17.0,65031.0,0.00364441574018545,39134896.0,PASS,SUCCESS,2026-02-28T13:00:38.919697+00:00
6863839,K01373.01,FALSE_POSITIVE,2,data\raw_fits\FALSE_POSITIVE\6863839\KIC6863839_stitched.fits,17.0,65031.0,0.00364441574018545,183034800.0,PASS,SUCCESS,2026-02-28T13:00:42.279102+00:00
9048161,K00146.01,FALSE_POSITIVE,2,data\raw_fits\FALSE_POSITIVE\9048161\KIC9048161_stitched.fits,17.0,65031.0,0.003598283895372976,764446640.0,PASS,SUCCESS,2026-02-28T13:00:44.842701+00:00
4060815,K01222.01,FALSE_POSITIVE,2,data\raw_fits\FALSE_POSITIVE\4060815\KIC4060815_stitched.fits,18.0,65504.0,0.0036486321446018563,421562928.0,PASS,SUCCESS,2026-02-28T13:00:47.225864+00:00
5728283,K01011.01,FALSE_POSITIVE,2,data\raw_fits\FALSE_POSITIVE\5728283\KIC5728283_stitched.fits,16.0,63405.0,0.0036590174276476617,66342480.0,PASS,SUCCESS,2026-02-28T13:00:49.666836+00:00
9895709,K01594.01,FALSE_POSITIVE,2,data\raw_fits\FALSE_POSITIVE\9895709\KIC9895709_stitched.fits,17.0,65031.0,0.003659793021789608,19889584.0,PASS,SUCCESS,2026-02-28T13:00:56.068659+00:00
5988031,K01047.01,FALSE_POSITIVE,2,data\raw_fits\FALSE_POSITIVE\5988031\KIC5988031_stitched.fits,17.0,65031.0,0.0035829066137688177,59664304.0,PASS,SUCCESS,2026-02-28T13:01:04.292377+00:00
6864885,K02434.01,FALSE_POSITIVE,2,data\raw_fits\FALSE_POSITIVE\6864885\KIC6864885_stitched.fits,16.0,63405.0,0.0037063323081775886,22504528.0,PASS,SUCCESS,2026-02-28T13:01:44.841339+00:00
3560301,K00968.01,FALSE_POSITIVE,2,data\raw_fits\FALSE_POSITIVE\3560301\KIC3560301_stitched.fits,15.0,52437.0,0.002879646051452219,1951883552.0,PASS,SUCCESS,2026-02-28T13:01:49.621446+00:00
10599397,K01285.01,FALSE_POSITIVE,2,data\raw_fits\FALSE_POSITIVE\10599397\KIC10599397_stitched.fits,17.0,65031.0,0.0033368701081022897,4934673200.0,PASS,SUCCESS,2026-02-28T13:01:53.111808+00:00
6032981,K01054.01,FALSE_POSITIVE,2,data\raw_fits\FALSE_POSITIVE\6032981\KIC6032981_stitched.fits,18.0,65504.0,0.003679164631167562,34024112.0,PASS,SUCCESS,2026-02-28T13:02:32.849154+00:00
9346253,K01388.01,FALSE_POSITIVE,2,data\raw_fits\FALSE_POSITIVE\9346253\KIC9346253_stitched.fits,17.0,65031.0,0.003598283895372976,300601392.0,PASS,SUCCESS,2026-02-28T13:03:12.446555+00:00
12504988,K00181.01,FALSE_POSITIVE,2,data\raw_fits\FALSE_POSITIVE\12504988\KIC12504988_stitched.fits,17.0,65031.0,0.003598283895372976,354315824.0,PASS,SUCCESS,2026-02-28T13:03:51.249775+00:00
5372966,K00832.01,FALSE_POSITIVE,2,data\raw_fits\FALSE_POSITIVE\5372966\KIC5372966_stitched.fits,14.0,51964.0,0.002886613809560465,18331424.0,PASS,SUCCESS,2026-02-28T13:04:29.637782+00:00
1722276,K01008.01,FALSE_POSITIVE,2,data\raw_fits\FALSE_POSITIVE\1722276\KIC1722276_stitched.fits,17.0,65031.0,0.003629038458581292,55129648.0,PASS,SUCCESS,2026-02-28T13:04:31.748607+00:00
1432214,K00998.01,FALSE_POSITIVE,2,data\raw_fits\FALSE_POSITIVE\1432214\KIC1432214_stitched.fits,16.0,63405.0,0.0036905606813342796,635015504.0,PASS,SUCCESS,2026-02-28T13:05:10.382263+00:00
10848459,K00754.01,FALSE_POSITIVE,2,data\raw_fits\FALSE_POSITIVE\10848459\KIC10848459_stitched.fits,14.0,51722.0,0.004253509145044662,22859872.0,PASS,SUCCESS,2026-02-28T13:05:46.594552+00:00
11152159,K00761.01,FALSE_POSITIVE,2,data\raw_fits\FALSE_POSITIVE\11152159\KIC11152159_stitched.fits,13.0,50250.0,0.0028059701492537314,1499324864.0,PASS,SUCCESS,2026-02-28T13:06:17.813035+00:00
9143254,K01386.01,FALSE_POSITIVE,2,data\raw_fits\FALSE_POSITIVE\9143254\KIC9143254_stitched.fits,17.0,65031.0,0.003675170303393766,3812995888.0,PASS,SUCCESS,2026-02-28T13:06:47.695675+00:00
3554600,K00803.01,FALSE_POSITIVE,2,data\raw_fits\FALSE_POSITIVE\3554600\KIC3554600_stitched.fits,13.0,50338.0,0.002880527633199571,274314560.0,PASS,SUCCESS,2026-02-28T13:07:25.904596+00:00
7032421,K01747.01,FALSE_POSITIVE,2,data\raw_fits\FALSE_POSITIVE\7032421\KIC7032421_stitched.fits,17.0,65031.0,0.00364441574018545,758870320.0,PASS,SUCCESS,2026-02-28T13:07:27.925603+00:00
4844004,K01662.01,FALSE_POSITIVE,2,data\raw_fits\FALSE_POSITIVE\4844004\KIC4844004_stitched.fits,14.0,51964.0,0.0029058579016242015,28188960.0,PASS,SUCCESS,2026-02-28T13:08:07.147949+00:00
5648449,K00979.01,FALSE_POSITIVE,2,data\raw_fits\FALSE_POSITIVE\5648449\KIC5648449_stitched.fits,18.0,65504.0,0.0036180996580361504,632364720.0,PASS,SUCCESS,2026-02-28T13:08:39.162663+00:00
6066416,K01057.01,FALSE_POSITIVE,2,data\raw_fits\FALSE_POSITIVE\6066416\KIC6066416_stitched.fits,18.0,65504.0,0.0036333659013190033,3196934832.0,PASS,SUCCESS,2026-02-28T13:09:19.201776+00:00
10419312,K02412.01,FALSE_POSITIVE,2,data\raw_fits\FALSE_POSITIVE\10419312\KIC10419312_stitched.fits,14.0,51876.0,0.0027951268409283675,23257248.0,PASS,SUCCESS,2026-02-28T13:09:21.656520+00:00
7622486,K01447.01,FALSE_POSITIVE,2,data\raw_fits\FALSE_POSITIVE\7622486\KIC7622486_stitched.fits,,,,,PENDING,SKIPPED_EXISTS,2026-02-28T13:09:53.251539+00:00
7989422,K02151.01,FALSE_POSITIVE,2,data\raw_fits\FALSE_POSITIVE\7989422\KIC7989422_stitched.fits,17.0,65031.0,0.003598283895372976,306442288.0,PASS,SUCCESS,2026-02-28T13:09:53.756104+00:00
5564247,K01566.01,FALSE_POSITIVE,2,data\raw_fits\FALSE_POSITIVE\5564247\KIC5564247_stitched.fits,14.0,55190.0,0.003986229389382134,277538896.0,PASS,SUCCESS,2026-02-28T13:10:31.563427+00:00
4067336,K01761.01,FALSE_POSITIVE,2,data\raw_fits\FALSE_POSITIVE\4067336\KIC4067336_stitched.fits,13.0,50338.0,0.002880527633199571,437659456.0,PASS,SUCCESS,2026-02-28T13:11:03.914920+00:00
12459725,K00789.01,FALSE_POSITIVE,2,data\raw_fits\FALSE_POSITIVE\12459725\KIC12459725_stitched.fits,17.0,65031.0,0.003613661176977134,248495408.0,PASS,SUCCESS,2026-02-28T13:11:33.541247+00:00
6692833,K01244.01,FALSE_POSITIVE,2,data\raw_fits\FALSE_POSITIVE\6692833\KIC6692833_stitched.fits,17.0,65031.0,0.00364441574018545,28948528.0,PASS,SUCCESS,2026-02-28T13:12:11.931195+00:00
8244190,K01071.01,FALSE_POSITIVE,2,data\raw_fits\FALSE_POSITIVE\8244190\KIC8244190_stitched.fits,17.0,65031.0,0.00364441574018545,4383461296.0,PASS,SUCCESS,2026-02-28T13:12:54.558022+00:00
11909839,K00779.01,FALSE_POSITIVE,2,data\raw_fits\FALSE_POSITIVE\11909839\KIC11909839_stitched.fits,15.0,59289.0,0.0037781038641231932,2436366336.0,PASS,SUCCESS,2026-02-28T13:12:57.003633+00:00
5297298,K00130.01,FALSE_POSITIVE,2,data\raw_fits\FALSE_POSITIVE\5297298\KIC5297298_stitched.fits,18.0,65504.0,0.0036333659013190033,53591600.0,PASS,SUCCESS,2026-02-28T13:12:59.295726+00:00
6756669,K00862.01,FALSE_POSITIVE,2,data\raw_fits\FALSE_POSITIVE\6756669\KIC6756669_stitched.fits,13.0,50383.0,0.0041680725641585455,21803488.0,PASS,SUCCESS,2026-02-28T13:13:38.687518+00:00
8074805,K02670.01,FALSE_POSITIVE,2,data\raw_fits\FALSE_POSITIVE\8074805\KIC8074805_stitched.fits,17.0,65031.0,0.003659793021789608,82397488.0,PASS,SUCCESS,2026-02-28T13:14:08.499877+00:00
9002237,K01389.01,FALSE_POSITIVE,2,data\raw_fits\FALSE_POSITIVE\9002237\KIC9002237_stitched.fits,17.0,65031.0,0.003675170303393766,35784240.0,PASS,SUCCESS,2026-02-28T13:14:47.364452+00:00
7552344,K00888.01,FALSE_POSITIVE,2,data\raw_fits\FALSE_POSITIVE\7552344\KIC7552344_stitched.fits,17.0,65031.0,0.003613661176977134,177145264.0,PASS,SUCCESS,2026-02-28T13:15:28.825520+00:00
3337425,K01114.01,FALSE_POSITIVE,2,data\raw_fits\FALSE_POSITIVE\3337425\KIC3337425_stitched.fits,17.0,65031.0,0.00364441574018545,262144048.0,PASS,SUCCESS,2026-02-28T13:16:07.429171+00:00
6665223,K01232.01,FALSE_POSITIVE,2,data\raw_fits\FALSE_POSITIVE\6665223\KIC6665223_stitched.fits,17.0,65031.0,0.00364441574018545,1085858736.0,PASS,SUCCESS,2026-02-28T13:16:44.935421+00:00
3337351,K00965.01,FALSE_POSITIVE,2,data\raw_fits\FALSE_POSITIVE\3337351\KIC3337351_stitched.fits,17.0,65031.0,0.00364441574018545,626033712.0,PASS,SUCCESS,2026-02-28T13:17:23.115627+00:00
2445154,K01023.01,FALSE_POSITIVE,2,data\raw_fits\FALSE_POSITIVE\2445154\KIC2445154_stitched.fits,17.0,65031.0,0.003629038458581292,361396272.0,PASS,SUCCESS,2026-02-28T13:18:01.444419+00:00
5376836,K00182.01,FALSE_POSITIVE,2,data\raw_fits\FALSE_POSITIVE\5376836\KIC5376836_stitched.fits,14.0,51964.0,0.002886613809560465,87590560.0,PASS,SUCCESS,2026-02-28T13:18:41.176413+00:00
4247791,K00028.01,FALSE_POSITIVE,2,data\raw_fits\FALSE_POSITIVE\4247791\KIC4247791_stitched.fits,18.0,65504.0,0.003709697117733268,38459056.0,PASS,SUCCESS,2026-02-28T13:19:24.414626+00:00
5530882,K01680.01,FALSE_POSITIVE,2,data\raw_fits\FALSE_POSITIVE\5530882\KIC5530882_stitched.fits,17.0,65031.0,0.00364441574018545,108173360.0,PASS,SUCCESS,2026-02-28T13:19:26.916571+00:00
4649305,K00143.01,FALSE_POSITIVE,2,data\raw_fits\FALSE_POSITIVE\4649305\KIC4649305_stitched.fits,17.0,65031.0,0.00364441574018545,62672560.0,PASS,SUCCESS,2026-02-28T13:20:04.555433+00:00
7838655,K01464.01,FALSE_POSITIVE,2,data\raw_fits\FALSE_POSITIVE\7838655\KIC7838655_stitched.fits,14.0,55190.0,0.004022467838376518,105500752.0,PASS,SUCCESS,2026-02-28T13:20:41.962605+00:00
6507427,K02455.01,FALSE_POSITIVE,2,data\raw_fits\FALSE_POSITIVE\6507427\KIC6507427_stitched.fits,17.0,65031.0,0.003675170303393766,25501744.0,PASS,SUCCESS,2026-02-28T13:21:13.338634+00:00
10661771,K01291.01,FALSE_POSITIVE,2,data\raw_fits\FALSE_POSITIVE\10661771\KIC10661771_stitched.fits,17.0,65031.0,0.003675170303393766,39025968.0,PASS,SUCCESS,2026-02-28T13:21:50.861508+00:00
5553652,K01575.01,FALSE_POSITIVE,2,data\raw_fits\FALSE_POSITIVE\5553652\KIC5553652_stitched.fits,17.0,65031.0,0.003598283895372976,22371504.0,PASS,SUCCESS,2026-02-28T13:22:29.504887+00:00
6866228,K01348.01,FALSE_POSITIVE,2,data\raw_fits\FALSE_POSITIVE\6866228\KIC6866228_stitched.fits,17.0,65031.0,0.003659793021789608,663409840.0,PASS,SUCCESS,2026-02-28T13:23:07.840238+00:00
6387450,K01228.01,FALSE_POSITIVE,2,data\raw_fits\FALSE_POSITIVE\6387450\KIC6387450_stitched.fits,17.0,65031.0,0.003598283895372976,766204592.0,PASS,SUCCESS,2026-02-28T13:23:46.305482+00:00
2309585,K01004.01,FALSE_POSITIVE,2,data\raw_fits\FALSE_POSITIVE\2309585\KIC2309585_stitched.fits,14.0,55190.0,0.004040587062873709,1148917584.0,PASS,SUCCESS,2026-02-28T13:24:26.008125+00:00
5991936,K02606.01,FALSE_POSITIVE,2,data\raw_fits\FALSE_POSITIVE\5991936\KIC5991936_stitched.fits,18.0,65504.0,0.0036180996580361504,313867568.0,PASS,SUCCESS,2026-02-28T13:24:28.073334+00:00
9535080,K01509.01,FALSE_POSITIVE,2,data\raw_fits\FALSE_POSITIVE\9535080\KIC9535080_stitched.fits,18.0,65504.0,0.003694430874450415,163503024.0,PASS,SUCCESS,2026-02-28T13:24:31.095299+00:00
11913013,K01462.01,FALSE_POSITIVE,2,data\raw_fits\FALSE_POSITIVE\11913013\KIC11913013_stitched.fits,11.0,43572.0,0.004773707885798219,21902112.0,PASS,SUCCESS,2026-02-28T13:25:10.659435+00:00
7684873,K00014.01,FALSE_POSITIVE,2,data\raw_fits\FALSE_POSITIVE\7684873\KIC7684873_stitched.fits,18.0,65504.0,0.003694430874450415,5526623664.0,PASS,SUCCESS,2026-02-28T13:25:35.836373+00:00
7751571,K01460.01,FALSE_POSITIVE,2,data\raw_fits\FALSE_POSITIVE\7751571\KIC7751571_stitched.fits,14.0,55190.0,0.0040587062873709,1237281360.0,PASS,SUCCESS,2026-02-28T13:26:15.591311+00:00
10747445,K02673.01,FALSE_POSITIVE,2,data\raw_fits\FALSE_POSITIVE\10747445\KIC10747445_stitched.fits,8.0,29151.0,0.0038420637370930673,371332416.0,PASS,SUCCESS,2026-02-28T13:26:47.304805+00:00
2574201,K01025.01,FALSE_POSITIVE,2,data\raw_fits\FALSE_POSITIVE\2574201\KIC2574201_stitched.fits,15.0,57802.0,0.003823397114286703,207521424.0,PASS,SUCCESS,2026-02-28T13:27:05.549143+00:00
7357531,K01368.01,FALSE_POSITIVE,2,data\raw_fits\FALSE_POSITIVE\7357531\KIC7357531_stitched.fits,17.0,65031.0,0.00364441574018545,469916848.0,PASS,SUCCESS,2026-02-28T13:27:39.129809+00:00
2157247,K00997.01,FALSE_POSITIVE,2,data\raw_fits\FALSE_POSITIVE\2157247\KIC2157247_stitched.fits,17.0,65031.0,0.003629038458581292,620749616.0,PASS,SUCCESS,2026-02-28T13:28:16.578319+00:00
7296086,K01374.01,FALSE_POSITIVE,2,data\raw_fits\FALSE_POSITIVE\7296086\KIC7296086_stitched.fits,17.0,65031.0,0.00364441574018545,34712240.0,PASS,SUCCESS,2026-02-28T13:28:54.172160+00:00
6307521,K01126.01,FALSE_POSITIVE,2,data\raw_fits\FALSE_POSITIVE\6307521\KIC6307521_stitched.fits,17.0,65031.0,0.003598283895372976,1599616816.0,PASS,SUCCESS,2026-02-28T13:29:32.390716+00:00
9993529,K02644.01,FALSE_POSITIVE,2,data\raw_fits\FALSE_POSITIVE\9993529\KIC9993529_stitched.fits,17.0,65031.0,0.00364441574018545,2131424688.0,PASS,SUCCESS,2026-02-28T13:29:34.721117+00:00
10657664,K00964.01,FALSE_POSITIVE,2,data\raw_fits\FALSE_POSITIVE\10657664\KIC10657664_stitched.fits,18.0,65504.0,0.003694430874450415,398013616.0,PASS,SUCCESS,2026-02-28T13:29:37.181421+00:00
4078157,K01319.01,FALSE_POSITIVE,2,data\raw_fits\FALSE_POSITIVE\4078157\KIC4078157_stitched.fits,11.0,42123.0,0.0031811599363768014,913130048.0,PASS,SUCCESS,2026-02-28T13:30:17.301562+00:00
7284688,K01345.01,FALSE_POSITIVE,2,data\raw_fits\FALSE_POSITIVE\7284688\KIC7284688_stitched.fits,18.0,65504.0,0.003694430874450415,184359088.0,PASS,SUCCESS,2026-02-28T13:30:42.814776+00:00
5210475,K01568.01,FALSE_POSITIVE,2,data\raw_fits\FALSE_POSITIVE\5210475\KIC5210475_stitched.fits,14.0,55190.0,0.004004348613879326,16970320.0,PASS,SUCCESS,2026-02-28T13:31:23.782800+00:00
10879208,K01286.01,FALSE_POSITIVE,2,data\raw_fits\FALSE_POSITIVE\10879208\KIC10879208_stitched.fits,13.0,50250.0,0.0028059701492537314,1512655552.0,PASS,SUCCESS,2026-02-28T13:31:25.881455+00:00
9159242,K02566.01,FALSE_POSITIVE,2,data\raw_fits\FALSE_POSITIVE\9159242\KIC9159242_stitched.fits,17.0,65031.0,0.003659793021789608,26005808.0,PASS,SUCCESS,2026-02-28T13:31:55.445313+00:00
8766222,K01260.01,FALSE_POSITIVE,2,data\raw_fits\FALSE_POSITIVE\8766222\KIC8766222_stitched.fits,16.0,63405.0,0.0037221039350208976,43914320.0,PASS,SUCCESS,2026-02-28T13:32:32.909467+00:00
5193400,K01580.01,FALSE_POSITIVE,2,data\raw_fits\FALSE_POSITIVE\5193400\KIC5193400_stitched.fits,14.0,51964.0,0.0029058579016242015,55011872.0,PASS,SUCCESS,2026-02-28T13:33:08.911831+00:00
4070376,K01318.01,FALSE_POSITIVE,2,data\raw_fits\FALSE_POSITIVE\4070376\KIC4070376_stitched.fits,14.0,51964.0,0.0028288815333692555,1314518304.0,PASS,SUCCESS,2026-02-28T13:33:40.123666+00:00
9851271,K02003.01,FALSE_POSITIVE,2,data\raw_fits\FALSE_POSITIVE\9851271\KIC9851271_stitched.fits,14.0,51876.0,0.0027180198935924126,215184160.0,PASS,SUCCESS,2026-02-28T13:34:11.211743+00:00
2440757,K00792.01,FALSE_POSITIVE,2,data\raw_fits\FALSE_POSITIVE\2440757\KIC2440757_stitched.fits,9.0,33416.0,0.003531242518553986,43544800.0,PASS,SUCCESS,2026-02-28T13:34:13.331945+00:00
5771719,K00190.01,FALSE_POSITIVE,2,data\raw_fits\FALSE_POSITIVE\5771719\KIC5771719_stitched.fits,13.0,50383.0,0.0041680725641585455,20714720.0,PASS,SUCCESS,2026-02-28T13:34:15.271311+00:00
9016295,K00925.01,FALSE_POSITIVE,2,data\raw_fits\FALSE_POSITIVE\9016295\KIC9016295_stitched.fits,17.0,65031.0,0.003659793021789608,1628420400.0,PASS,SUCCESS,2026-02-28T13:34:45.584885+00:00
12110786,K02665.01,FALSE_POSITIVE,2,data\raw_fits\FALSE_POSITIVE\12110786\KIC12110786_stitched.fits,17.0,65031.0,0.003613661176977134,27277744.0,PASS,SUCCESS,2026-02-28T13:35:22.982790+00:00
8552498,K01272.01,FALSE_POSITIVE,2,data\raw_fits\FALSE_POSITIVE\8552498\KIC8552498_stitched.fits,18.0,65504.0,0.003694430874450415,1207707952.0,PASS,SUCCESS,2026-02-28T13:36:00.544747+00:00
3116302,K02526.01,FALSE_POSITIVE,2,data\raw_fits\FALSE_POSITIVE\3116302\KIC3116302_stitched.fits,17.0,65031.0,0.00364441574018545,846295216.0,PASS,SUCCESS,2026-02-28T13:36:39.842519+00:00
12016267,K02590.01,FALSE_POSITIVE,2,data\raw_fits\FALSE_POSITIVE\12016267\KIC12016267_stitched.fits,18.0,65504.0,0.003679164631167562,1393184304.0,PASS,SUCCESS,2026-02-28T13:36:42.093773+00:00
10148521,K01084.01,FALSE_POSITIVE,2,data\raw_fits\FALSE_POSITIVE\10148521\KIC10148521_stitched.fits,17.0,65031.0,0.003659793021789608,39276208.0,PASS,SUCCESS,2026-02-28T13:37:21.527549+00:00
3838486,K00808.01,FALSE_POSITIVE,2,data\raw_fits\FALSE_POSITIVE\3838486\KIC3838486_stitched.fits,17.0,65031.0,0.0035675293321646598,1491615280.0,PASS,SUCCESS,2026-02-28T13:37:58.746256+00:00
5636648,K01565.01,FALSE_POSITIVE,2,data\raw_fits\FALSE_POSITIVE\5636648\KIC5636648_stitched.fits,17.0,65031.0,0.003598283895372976,792059696.0,PASS,SUCCESS,2026-02-28T13:38:01.017236+00:00
7270230,K00876.01,FALSE_POSITIVE,2,data\raw_fits\FALSE_POSITIVE\7270230\KIC7270230_stitched.fits,17.0,65031.0,0.003659793021789608,140004144.0,PASS,SUCCESS,2026-02-28T13:38:38.531204+00:00
9602514,K01490.01,FALSE_POSITIVE,2,data\raw_fits\FALSE_POSITIVE\9602514\KIC9602514_stitched.fits,14.0,51876.0,0.002775850104094379,18277280.0,PASS,SUCCESS,2026-02-28T13:39:16.285528+00:00
8256453,K02573.01,FALSE_POSITIVE,2,data\raw_fits\FALSE_POSITIVE\8256453\KIC8256453_stitched.fits,14.0,55190.0,0.004004348613879326,23523664.0,PASS,SUCCESS,2026-02-28T13:39:47.543189+00:00
10593759,K00025.01,FALSE_POSITIVE,2,data\raw_fits\FALSE_POSITIVE\10593759\KIC10593759_stitched.fits,18.0,65504.0,0.003694430874450415,120163888.0,PASS,SUCCESS,2026-02-28T13:40:19.322821+00:00
10924853,K01292.01,FALSE_POSITIVE,2,data\raw_fits\FALSE_POSITIVE\10924853\KIC10924853_stitched.fits,17.0,65031.0,0.003659793021789608,23092400.0,PASS,SUCCESS,2026-02-28T13:40:58.608167+00:00
8378634,K01139.01,FALSE_POSITIVE,2,data\raw_fits\FALSE_POSITIVE\8378634\KIC8378634_stitched.fits,17.0,65031.0,0.003659793021789608,446528560.0,PASS,SUCCESS,2026-02-28T13:41:37.036222+00:00
3860441,K01188.01,FALSE_POSITIVE,2,data\raw_fits\FALSE_POSITIVE\3860441\KIC3860441_stitched.fits,14.0,51964.0,0.0028288815333692555,665399584.0,PASS,SUCCESS,2026-02-28T13:41:39.496284+00:00
8958035,K01391.01,FALSE_POSITIVE,2,data\raw_fits\FALSE_POSITIVE\8958035\KIC8958035_stitched.fits,17.0,65031.0,0.003659793021789608,43660464.0,PASS,SUCCESS,2026-02-28T13:42:14.088047+00:00
7918217,K01770.01,FALSE_POSITIVE,2,data\raw_fits\FALSE_POSITIVE\7918217\KIC7918217_stitched.fits,18.0,65504.0,0.0036333659013190033,226212912.0,PASS,SUCCESS,2026-02-28T13:42:54.247819+00:00
5649215,K00839.01,FALSE_POSITIVE,2,data\raw_fits\FALSE_POSITIVE\5649215\KIC5649215_stitched.fits,17.0,65031.0,0.0035829066137688177,258069936.0,PASS,SUCCESS,2026-02-28T13:43:35.698559+00:00
6311681,K01122.01,FALSE_POSITIVE,2,data\raw_fits\FALSE_POSITIVE\6311681\KIC6311681_stitched.fits,17.0,65031.0,0.003598283895372976,1963917104.0,PASS,SUCCESS,2026-02-28T13:44:20.912141+00:00
8892910,K00132.01,FALSE_POSITIVE,2,data\raw_fits\FALSE_POSITIVE\8892910\KIC8892910_stitched.fits,17.0,65031.0,0.003659793021789608,29719344.0,PASS,SUCCESS,2026-02-28T13:45:01.539602+00:00
5725087,K00033.01,FALSE_POSITIVE,2,data\raw_fits\FALSE_POSITIVE\5725087\KIC5725087_stitched.fits,18.0,65504.0,0.0036333659013190033,78455216.0,PASS,SUCCESS,2026-02-28T13:45:46.937227+00:00
8176653,K01016.01,FALSE_POSITIVE,2,data\raw_fits\FALSE_POSITIVE\8176653\KIC8176653_stitched.fits,17.0,65031.0,0.00364441574018545,3409774768.0,PASS,SUCCESS,2026-02-28T13:46:30.789322+00:00
9097120,K00927.01,FALSE_POSITIVE,2,data\raw_fits\FALSE_POSITIVE\9097120\KIC9097120_stitched.fits,17.0,65031.0,0.003659793021789608,102801072.0,PASS,SUCCESS,2026-02-28T13:47:14.386975+00:00
10960993,K01284.01,FALSE_POSITIVE,2,data\raw_fits\FALSE_POSITIVE\10960993\KIC10960993_stitched.fits,18.0,65504.0,0.003709697117733268,948958128.0,PASS,SUCCESS,2026-02-28T13:47:17.431925+00:00
3836375,K00807.01,FALSE_POSITIVE,2,data\raw_fits\FALSE_POSITIVE\3836375\KIC3836375_stitched.fits,16.0,63405.0,0.0036274741739610442,1341400784.0,PASS,SUCCESS,2026-02-28T13:48:00.998810+00:00
3246984,K00799.01,FALSE_POSITIVE,2,data\raw_fits\FALSE_POSITIVE\3246984\KIC3246984_stitched.fits,14.0,51964.0,0.0028288815333692555,321389216.0,PASS,SUCCESS,2026-02-28T13:48:03.384826+00:00
8804455,K02159.02,FALSE_POSITIVE,2,data\raw_fits\FALSE_POSITIVE\8804455\KIC8804455_stitched.fits,17.0,65031.0,0.003675170303393766,735924784.0,PASS,SUCCESS,2026-02-28T13:48:35.827658+00:00
6066403,K01045.01,FALSE_POSITIVE,2,data\raw_fits\FALSE_POSITIVE\6066403\KIC6066403_stitched.fits,17.0,65031.0,0.003598283895372976,1488661552.0,PASS,SUCCESS,2026-02-28T13:49:20.420201+00:00
9536692,K01948.01,FALSE_POSITIVE,2,data\raw_fits\FALSE_POSITIVE\9536692\KIC9536692_stitched.fits,16.0,63405.0,0.0037221039350208976,4595997264.0,PASS,SUCCESS,2026-02-28T13:50:01.477122+00:00
9718379,K02379.01,FALSE_POSITIVE,2,data\raw_fits\FALSE_POSITIVE\9718379\KIC9718379_stitched.fits,17.0,65031.0,0.003659793021789608,423115696.0,PASS,SUCCESS,2026-02-28T13:50:42.458009+00:00
3556220,K01213.01,FALSE_POSITIVE,2,data\raw_fits\FALSE_POSITIVE\3556220\KIC3556220_stitched.fits,14.0,51964.0,0.0028288815333692555,244163104.0,PASS,SUCCESS,2026-02-28T13:51:24.320112+00:00
2558363,K01021.01,FALSE_POSITIVE,2,data\raw_fits\FALSE_POSITIVE\2558363\KIC2558363_stitched.fits,16.0,63405.0,0.0037063323081775886,371868624.0,PASS,SUCCESS,2026-02-28T13:52:03.876743+00:00
3865567,K01182.01,FALSE_POSITIVE,2,data\raw_fits\FALSE_POSITIVE\3865567\KIC3865567_stitched.fits,14.0,51964.0,0.0028288815333692555,1629807648.0,PASS,SUCCESS,2026-02-28T13:52:06.225312+00:00
6058614,K01799.01,FALSE_POSITIVE,2,data\raw_fits\FALSE_POSITIVE\6058614\KIC6058614_stitched.fits,16.0,63405.0,0.0036590174276476617,432506192.0,PASS,SUCCESS,2026-02-28T13:52:41.723991+00:00
7802136,K01449.01,FALSE_POSITIVE,2,data\raw_fits\FALSE_POSITIVE\7802136\KIC7802136_stitched.fits,17.0,65031.0,0.003675170303393766,169774384.0,PASS,SUCCESS,2026-02-28T13:53:25.490757+00:00
3734868,K00805.01,FALSE_POSITIVE,2,data\raw_fits\FALSE_POSITIVE\3734868\KIC3734868_stitched.fits,15.0,59289.0,0.0037443707939078075,1423607680.0,PASS,SUCCESS,2026-02-28T13:54:14.207140+00:00
7515670,K02360.01,FALSE_POSITIVE,2,data\raw_fits\FALSE_POSITIVE\7515670\KIC7515670_stitched.fits,17.0,65031.0,0.003675170303393766,23803440.0,PASS,SUCCESS,2026-02-28T13:54:17.007248+00:00
10415227,K02562.01,FALSE_POSITIVE,2,data\raw_fits\FALSE_POSITIVE\10415227\KIC10415227_stitched.fits,14.0,51876.0,0.0027951268409283675,28437536.0,PASS,SUCCESS,2026-02-28T13:54:58.120287+00:00
7449844,K01452.01,FALSE_POSITIVE,2,data\raw_fits\FALSE_POSITIVE\7449844\KIC7449844_stitched.fits,17.0,65031.0,0.003659793021789608,86587440.0,PASS,SUCCESS,2026-02-28T13:55:37.627263+00:00
10485250,K00745.01,FALSE_POSITIVE,2,data\raw_fits\FALSE_POSITIVE\10485250\KIC10485250_stitched.fits,13.0,50250.0,0.002845771144278607,28816064.0,PASS,SUCCESS,2026-02-28T13:56:18.798520+00:00
3557493,K01200.01,FALSE_POSITIVE,2,data\raw_fits\FALSE_POSITIVE\3557493\KIC3557493_stitched.fits,14.0,51964.0,0.0028288815333692555,2417826464.0,PASS,SUCCESS,2026-02-28T13:56:54.853417+00:00
7377033,K00882.01,FALSE_POSITIVE,2,data\raw_fits\FALSE_POSITIVE\7377033\KIC7377033_stitched.fits,17.0,65031.0,0.00364441574018545,141238960.0,PASS,SUCCESS,2026-02-28T13:57:29.779096+00:00
6142862,K02336.01,FALSE_POSITIVE,2,data\raw_fits\FALSE_POSITIVE\6142862\KIC6142862_stitched.fits,17.0,65031.0,0.003598283895372976,54389424.0,PASS,SUCCESS,2026-02-28T13:58:14.371102+00:00
11401822,K02454.01,FALSE_POSITIVE,2,data\raw_fits\FALSE_POSITIVE\11401822\KIC11401822_stitched.fits,16.0,63405.0,0.003737875561864206,21165136.0,PASS,SUCCESS,2026-02-28T13:58:16.681047+00:00
3120431,K00798.01,FALSE_POSITIVE,2,data\raw_fits\FALSE_POSITIVE\3120431\KIC3120431_stitched.fits,16.0,63405.0,0.0036905606813342796,2781370192.0,PASS,SUCCESS,2026-02-28T13:58:56.779294+00:00
8180063,K00905.01,FALSE_POSITIVE,2,data\raw_fits\FALSE_POSITIVE\8180063\KIC8180063_stitched.fits,17.0,65031.0,0.003659793021789608,2271353136.0,PASS,SUCCESS,2026-02-28T13:58:59.804498+00:00
7375795,K01378.02,FALSE_POSITIVE,2,data\raw_fits\FALSE_POSITIVE\7375795\KIC7375795_stitched.fits,18.0,65504.0,0.003679164631167562,39766704.0,PASS,SUCCESS,2026-02-28T13:59:46.016940+00:00
7050060,K02215.01,FALSE_POSITIVE,2,data\raw_fits\FALSE_POSITIVE\7050060\KIC7050060_stitched.fits,17.0,65031.0,0.00364441574018545,403371312.0,PASS,SUCCESS,2026-02-28T13:59:51.688007+00:00
10464078,K00743.01,FALSE_POSITIVE,2,data\raw_fits\FALSE_POSITIVE\10464078\KIC10464078_stitched.fits,17.0,65031.0,0.003659793021789608,213620144.0,PASS,SUCCESS,2026-02-28T13:59:58.063859+00:00
8953257,K01383.01,FALSE_POSITIVE,2,data\raw_fits\FALSE_POSITIVE\8953257\KIC8953257_stitched.fits,17.0,65031.0,0.0035829066137688177,1032868656.0,PASS,SUCCESS,2026-02-28T14:01:08.344847+00:00
8462258,K01253.01,FALSE_POSITIVE,2,data\raw_fits\FALSE_POSITIVE\8462258\KIC8462258_stitched.fits,14.0,55190.0,0.003968110164884943,61364816.0,PASS,SUCCESS,2026-02-28T14:01:54.335511+00:00
10485069,K01171.01,FALSE_POSITIVE,2,data\raw_fits\FALSE_POSITIVE\10485069\KIC10485069_stitched.fits,14.0,51876.0,0.0027951268409283675,44997152.0,PASS,SUCCESS,2026-02-28T14:02:35.633734+00:00
7661409,K00957.01,FALSE_POSITIVE,2,data\raw_fits\FALSE_POSITIVE\7661409\KIC7661409_stitched.fits,17.0,65031.0,0.003675170303393766,192402096.0,PASS,SUCCESS,2026-02-28T14:02:38.168329+00:00
5529738,K02518.01,FALSE_POSITIVE,2,data\raw_fits\FALSE_POSITIVE\5529738\KIC5529738_stitched.fits,17.0,65031.0,0.00364441574018545,600657328.0,PASS,SUCCESS,2026-02-28T14:03:17.192389+00:00
3003992,K01119.02,FALSE_POSITIVE,2,data\raw_fits\FALSE_POSITIVE\3003992\KIC3003992_stitched.fits,15.0,52437.0,0.002879646051452219,436647712.0,PASS,SUCCESS,2026-02-28T14:03:55.396278+00:00
6149553,K01686.01,FALSE_POSITIVE,2,data\raw_fits\FALSE_POSITIVE\6149553\KIC6149553_stitched.fits,17.0,65031.0,0.003598283895372976,982910768.0,PASS,SUCCESS,2026-02-28T14:03:57.684146+00:00
6470149,K01230.01,FALSE_POSITIVE,2,data\raw_fits\FALSE_POSITIVE\6470149\KIC6470149_stitched.fits,17.0,65031.0,0.003598283895372976,2331654448.0,PASS,SUCCESS,2026-02-28T14:04:38.857068+00:00
5077629,K00822.01,FALSE_POSITIVE,2,data\raw_fits\FALSE_POSITIVE\5077629\KIC5077629_stitched.fits,13.0,50383.0,0.0041680725641585455,702866272.0,PASS,SUCCESS,2026-02-28T14:05:27.813247+00:00
8454250,K01254.01,FALSE_POSITIVE,2,data\raw_fits\FALSE_POSITIVE\8454250\KIC8454250_stitched.fits,18.0,65504.0,0.0036333659013190033,36502448.0,PASS,SUCCESS,2026-02-28T14:06:10.462677+00:00
12644774,K01555.01,FALSE_POSITIVE,2,data\raw_fits\FALSE_POSITIVE\12644774\KIC12644774_stitched.fits,14.0,55190.0,0.004040587062873709,59479376.0,PASS,SUCCESS,2026-02-28T14:06:50.177950+00:00
5287983,K00828.01,FALSE_POSITIVE,2,data\raw_fits\FALSE_POSITIVE\5287983\KIC5287983_stitched.fits,13.0,50338.0,0.002940124756645079,95994944.0,PASS,SUCCESS,2026-02-28T14:07:21.985699+00:00
2306756,K00113.01,FALSE_POSITIVE,2,data\raw_fits\FALSE_POSITIVE\2306756\KIC2306756_stitched.fits,18.0,65504.0,0.0036638983878847092,614395824.0,PASS,SUCCESS,2026-02-28T14:07:24.391239+00:00
10342041,K01155.01,FALSE_POSITIVE,2,data\raw_fits\FALSE_POSITIVE\10342041\KIC10342041_stitched.fits,17.0,65031.0,0.003659793021789608,2112968112.0,PASS,SUCCESS,2026-02-28T14:08:04.895300+00:00
3533469,K02430.01,FALSE_POSITIVE,2,data\raw_fits\FALSE_POSITIVE\3533469\KIC3533469_stitched.fits,14.0,55190.0,0.003968110164884943,1669016656.0,PASS,SUCCESS,2026-02-28T14:08:42.878420+00:00
10743597,K00989.02,FALSE_POSITIVE,2,data\raw_fits\FALSE_POSITIVE\10743597\KIC10743597_stitched.fits,14.0,51876.0,0.0027951268409283675,60785952.0,PASS,SUCCESS,2026-02-28T14:08:45.081281+00:00
6267425,K00848.01,FALSE_POSITIVE,2,data\raw_fits\FALSE_POSITIVE\6267425\KIC6267425_stitched.fits,12.0,48757.0,0.004266054105051582,573685504.0,PASS,SUCCESS,2026-02-28T14:09:16.048636+00:00
5738346,K01006.01,FALSE_POSITIVE,2,data\raw_fits\FALSE_POSITIVE\5738346\KIC5738346_stitched.fits,14.0,55190.0,0.003986229389382134,404969424.0,PASS,SUCCESS,2026-02-28T14:09:18.760309+00:00
11548140,K00256.01,FALSE_POSITIVE,2,data\raw_fits\FALSE_POSITIVE\11548140\KIC11548140_stitched.fits,14.0,51722.0,0.004234175012567186,419196256.0,PASS,SUCCESS,2026-02-28T14:09:50.865732+00:00
5130369,K00140.01,FALSE_POSITIVE,2,data\raw_fits\FALSE_POSITIVE\5130369\KIC5130369_stitched.fits,17.0,65031.0,0.0035829066137688177,478804400.0,PASS,SUCCESS,2026-02-28T14:10:22.225719+00:00
6048024,K01684.01,FALSE_POSITIVE,2,data\raw_fits\FALSE_POSITIVE\6048024\KIC6048024_stitched.fits,18.0,65504.0,0.003694430874450415,30372144.0,PASS,SUCCESS,2026-02-28T14:11:00.571476+00:00
6365321,K01123.01,FALSE_POSITIVE,2,data\raw_fits\FALSE_POSITIVE\6365321\KIC6365321_stitched.fits,17.0,65031.0,0.0035829066137688177,173866288.0,PASS,SUCCESS,2026-02-28T14:11:43.423804+00:00
8509361,K01280.01,FALSE_POSITIVE,2,data\raw_fits\FALSE_POSITIVE\8509361\KIC8509361_stitched.fits,17.0,65031.0,0.003659793021789608,36395568.0,PASS,SUCCESS,2026-02-28T14:12:22.666291+00:00
8506766,K00138.01,FALSE_POSITIVE,2,data\raw_fits\FALSE_POSITIVE\8506766\KIC8506766_stitched.fits,17.0,65031.0,0.003659793021789608,40575024.0,PASS,SUCCESS,2026-02-28T14:13:00.442915+00:00
8179973,K01019.01,FALSE_POSITIVE,2,data\raw_fits\FALSE_POSITIVE\8179973\KIC8179973_stitched.fits,18.0,65504.0,0.003694430874450415,311073968.0,PASS,SUCCESS,2026-02-28T14:13:38.549767+00:00
4275739,K01317.01,FALSE_POSITIVE,2,data\raw_fits\FALSE_POSITIVE\4275739\KIC4275739_stitched.fits,11.0,42123.0,0.0031811599363768014,607230656.0,PASS,SUCCESS,2026-02-28T14:16:05.463465+00:00
8560840,K01263.01,FALSE_POSITIVE,2,data\raw_fits\FALSE_POSITIVE\8560840\KIC8560840_stitched.fits,17.0,65031.0,0.00364441574018545,134699696.0,PASS,SUCCESS,2026-02-28T14:16:31.915943+00:00
8414907,K01134.02,FALSE_POSITIVE,2,data\raw_fits\FALSE_POSITIVE\8414907\KIC8414907_stitched.fits,16.0,63405.0,0.003737875561864206,32181456.0,PASS,SUCCESS,2026-02-28T14:17:13.371027+00:00
3239636,K01093.01,FALSE_POSITIVE,2,data\raw_fits\FALSE_POSITIVE\3239636\KIC3239636_stitched.fits,17.0,65031.0,0.003629038458581292,792906800.0,PASS,SUCCESS,2026-02-28T14:17:52.548508+00:00
7812167,K01482.01,FALSE_POSITIVE,2,data\raw_fits\FALSE_POSITIVE\7812167\KIC7812167_stitched.fits,14.0,55190.0,0.0040949447363652835,17968336.0,PASS,SUCCESS,2026-02-28T14:18:30.827730+00:00
10019708,K00199.02,FALSE_POSITIVE,2,data\raw_fits\FALSE_POSITIVE\10019708\KIC10019708_stitched.fits,17.0,65031.0,0.003659793021789608,193561520.0,PASS,SUCCESS,2026-02-28T14:19:02.313121+00:00
11761199,K02669.01,FALSE_POSITIVE,2,data\raw_fits\FALSE_POSITIVE\11761199\KIC11761199_stitched.fits,17.0,65031.0,0.003613661176977134,22142512.0,PASS,SUCCESS,2026-02-28T14:19:42.527199+00:00
9110357,K00016.01,FALSE_POSITIVE,2,data\raw_fits\FALSE_POSITIVE\9110357\KIC9110357_stitched.fits,18.0,65504.0,0.0036333659013190033,183923888.0,PASS,SUCCESS,2026-02-28T14:20:25.743518+00:00
9842890,K01479.01,FALSE_POSITIVE,2,data\raw_fits\FALSE_POSITIVE\9842890\KIC9842890_stitched.fits,11.0,42035.0,0.0031164505769002023,11272000.0,PASS,SUCCESS,2026-02-28T14:21:06.378079+00:00
4551663,K02576.01,FALSE_POSITIVE,2,data\raw_fits\FALSE_POSITIVE\4551663\KIC4551663_stitched.fits,17.0,65031.0,0.00364441574018545,27413936.0,PASS,SUCCESS,2026-02-28T14:21:38.439243+00:00
2441728,K01000.01,FALSE_POSITIVE,2,data\raw_fits\FALSE_POSITIVE\2441728\KIC2441728_stitched.fits,18.0,65504.0,0.0036638983878847092,742965296.0,PASS,SUCCESS,2026-02-28T14:21:40.724481+00:00
8113154,K01542.01,FALSE_POSITIVE,2,data\raw_fits\FALSE_POSITIVE\8113154\KIC8113154_stitched.fits,18.0,65504.0,0.003694430874450415,57210416.0,PASS,SUCCESS,2026-02-28T14:22:22.223276+00:00
6209637,K01046.01,FALSE_POSITIVE,2,data\raw_fits\FALSE_POSITIVE\6209637\KIC6209637_stitched.fits,18.0,65504.0,0.003694430874450415,51214896.0,PASS,SUCCESS,2026-02-28T14:23:07.361685+00:00
